stock_record_id,facility_id,snapshot_month,medicine_name,opening_stock,received_qty,dispensed_qty_month,closing_stock,stockout_flag_month,stockout_days,stock_status
STK0000001,FAC001,2026-01-01,Amlodipine,239,196,294,141,0,0,Adequate
STK0000002,FAC001,2026-01-01,Metformin,263,211,435,39,0,0,Adequate
STK0000003,FAC001,2026-01-01,Paracetamol,248,58,130,176,0,0,Adequate
STK0000004,FAC001,2026-01-01,Cetirizine,244,216,285,175,0,0,Adequate
STK0000005,FAC001,2026-01-01,Pantoprazole,259,124,362,21,0,0,Low stock
STK0000006,FAC001,2026-01-01,Amoxicillin,240,214,286,168,0,0,Adequate
STK0000007,FAC001,2026-02-01,Amlodipine,208,52,72,188,0,0,Adequate
STK0000008,FAC001,2026-02-01,Metformin,92,145,22,215,0,0,Adequate
STK0000009,FAC001,2026-02-01,Paracetamol,182,185,307,60,0,0,Adequate
STK0000010,FAC001,2026-02-01,Cetirizine,249,67,176,140,0,0,Adequate
STK0000011,FAC001,2026-02-01,Pantoprazole,230,93,174,149,0,0,Adequate
STK0000012,FAC001,2026-02-01,Amoxicillin,244,160,195,209,0,0,Adequate
STK0000013,FAC001,2026-03-01,Amlodipine,249,97,261,85,0,0,Adequate
STK0000014,FAC001,2026-03-01,Metformin,148,204,147,205,0,0,Adequate
STK0000015,FAC001,2026-03-01,Paracetamol,232,66,106,192,0,0,Adequate
STK0000016,FAC001,2026-03-01,Cetirizine,82,153,96,139,0,0,Adequate
STK0000017,FAC001,2026-03-01,Pantoprazole,182,192,191,183,0,0,Adequate
STK0000018,FAC001,2026-03-01,Amoxicillin,253,116,323,46,0,0,Adequate
STK0000019,FAC001,2026-04-01,Amlodipine,272,194,428,38,0,0,Adequate
STK0000020,FAC001,2026-04-01,Metformin,185,84,242,27,0,0,Low stock
STK0000021,FAC001,2026-04-01,Paracetamol,143,115,131,127,0,0,Adequate
STK0000022,FAC001,2026-04-01,Cetirizine,292,190,324,158,0,0,Adequate
STK0000023,FAC001,2026-04-01,Pantoprazole,282,118,372,0,1,7,Reorder raised
STK0000024,FAC001,2026-04-01,Amoxicillin,210,155,327,38,0,0,Adequate
STK0000025,FAC001,2026-05-01,Amlodipine,218,116,308,26,0,0,Low stock
STK0000026,FAC001,2026-05-01,Metformin,176,153,172,157,0,0,Adequate
STK0000027,FAC001,2026-05-01,Paracetamol,288,133,394,27,0,0,Low stock
STK0000028,FAC001,2026-05-01,Cetirizine,129,95,172,52,0,0,Adequate
STK0000029,FAC001,2026-05-01,Pantoprazole,185,142,133,194,0,0,Adequate
STK0000030,FAC001,2026-05-01,Amoxicillin,161,106,69,198,0,0,Adequate
STK0000031,FAC001,2026-06-01,Amlodipine,289,175,325,139,0,0,Adequate
STK0000032,FAC001,2026-06-01,Metformin,258,51,184,125,0,0,Adequate
STK0000033,FAC001,2026-06-01,Paracetamol,285,97,186,196,0,0,Adequate
STK0000034,FAC001,2026-06-01,Cetirizine,151,185,188,148,0,0,Adequate
STK0000035,FAC001,2026-06-01,Pantoprazole,219,133,274,78,0,0,Adequate
STK0000036,FAC001,2026-06-01,Amoxicillin,114,160,232,42,0,0,Adequate
STK0000037,FAC001,2026-07-01,Amlodipine,195,120,101,214,0,0,Adequate
STK0000038,FAC001,2026-07-01,Metformin,167,113,250,30,0,0,Adequate
STK0000039,FAC001,2026-07-01,Paracetamol,288,130,384,34,0,0,Adequate
STK0000040,FAC001,2026-07-01,Cetirizine,215,109,114,210,0,0,Adequate
STK0000041,FAC001,2026-07-01,Pantoprazole,156,198,206,0,1,12,Reorder raised
STK0000042,FAC001,2026-07-01,Amoxicillin,106,178,75,209,0,0,Adequate
STK0000043,FAC001,2026-08-01,Amlodipine,256,126,258,124,0,0,Adequate
STK0000044,FAC001,2026-08-01,Metformin,217,72,194,95,0,0,Adequate
STK0000045,FAC001,2026-08-01,Paracetamol,261,147,292,116,0,0,Adequate
STK0000046,FAC001,2026-08-01,Cetirizine,220,208,385,43,0,0,Adequate
STK0000047,FAC001,2026-08-01,Pantoprazole,236,168,378,26,0,0,Low stock
STK0000048,FAC001,2026-08-01,Amoxicillin,262,107,348,21,0,0,Low stock
STK0000049,FAC002,2026-01-01,Amlodipine,284,200,291,193,0,0,Adequate
STK0000050,FAC002,2026-01-01,Metformin,172,207,285,94,0,0,Adequate
STK0000051,FAC002,2026-01-01,Paracetamol,156,197,195,158,0,0,Adequate
STK0000052,FAC002,2026-01-01,Cetirizine,278,103,167,214,0,0,Adequate
STK0000053,FAC002,2026-01-01,Pantoprazole,252,61,135,178,0,0,Adequate
STK0000054,FAC002,2026-01-01,Amoxicillin,127,98,178,47,0,0,Adequate
STK0000055,FAC002,2026-02-01,Amlodipine,272,54,147,179,0,0,Adequate
STK0000056,FAC002,2026-02-01,Metformin,148,188,308,28,0,0,Low stock
STK0000057,FAC002,2026-02-01,Paracetamol,80,188,244,24,0,0,Low stock
STK0000058,FAC002,2026-02-01,Cetirizine,117,208,283,42,0,0,Adequate
STK0000059,FAC002,2026-02-01,Pantoprazole,108,173,66,215,0,0,Adequate
STK0000060,FAC002,2026-02-01,Amoxicillin,222,143,150,215,0,0,Adequate
STK0000061,FAC002,2026-03-01,Amlodipine,227,149,348,28,0,0,Low stock
STK0000062,FAC002,2026-03-01,Metformin,92,87,16,163,0,0,Adequate
STK0000063,FAC002,2026-03-01,Paracetamol,264,142,342,64,0,0,Adequate
STK0000064,FAC002,2026-03-01,Cetirizine,215,141,191,165,0,0,Adequate
STK0000065,FAC002,2026-03-01,Pantoprazole,242,162,196,208,0,0,Adequate
STK0000066,FAC002,2026-03-01,Amoxicillin,241,62,127,176,0,0,Adequate
STK0000067,FAC002,2026-04-01,Amlodipine,99,140,62,177,0,0,Adequate
STK0000068,FAC002,2026-04-01,Metformin,213,84,189,108,0,0,Adequate
STK0000069,FAC002,2026-04-01,Paracetamol,288,109,295,102,0,0,Adequate
STK0000070,FAC002,2026-04-01,Cetirizine,218,40,140,118,0,0,Adequate
STK0000071,FAC002,2026-04-01,Pantoprazole,225,196,363,58,0,0,Adequate
STK0000072,FAC002,2026-04-01,Amoxicillin,154,54,126,82,0,0,Adequate
STK0000073,FAC002,2026-05-01,Amlodipine,180,77,68,189,0,0,Adequate
STK0000074,FAC002,2026-05-01,Metformin,161,178,208,131,0,0,Adequate
STK0000075,FAC002,2026-05-01,Paracetamol,149,181,213,117,0,0,Adequate
STK0000076,FAC002,2026-05-01,Cetirizine,237,107,246,98,0,0,Adequate
STK0000077,FAC002,2026-05-01,Pantoprazole,99,202,155,0,1,3,Reorder raised
STK0000078,FAC002,2026-05-01,Amoxicillin,130,141,182,89,0,0,Adequate
STK0000079,FAC002,2026-06-01,Amlodipine,99,100,0,199,0,0,Adequate
STK0000080,FAC002,2026-06-01,Metformin,185,52,88,149,0,0,Adequate
STK0000081,FAC002,2026-06-01,Paracetamol,119,165,183,101,0,0,Adequate
STK0000082,FAC002,2026-06-01,Cetirizine,121,144,228,37,0,0,Adequate
STK0000083,FAC002,2026-06-01,Pantoprazole,192,209,189,212,0,0,Adequate
STK0000084,FAC002,2026-06-01,Amoxicillin,220,181,309,92,0,0,Adequate
STK0000085,FAC002,2026-07-01,Amlodipine,237,205,327,115,0,0,Adequate
STK0000086,FAC002,2026-07-01,Metformin,273,156,228,201,0,0,Adequate
STK0000087,FAC002,2026-07-01,Paracetamol,222,178,338,62,0,0,Adequate
STK0000088,FAC002,2026-07-01,Cetirizine,197,194,243,148,0,0,Adequate
STK0000089,FAC002,2026-07-01,Pantoprazole,125,100,56,169,0,0,Adequate
STK0000090,FAC002,2026-07-01,Amoxicillin,175,132,184,123,0,0,Adequate
STK0000091,FAC002,2026-08-01,Amlodipine,247,216,294,169,0,0,Adequate
STK0000092,FAC002,2026-08-01,Metformin,85,202,175,112,0,0,Adequate
STK0000093,FAC002,2026-08-01,Paracetamol,235,70,264,41,0,0,Adequate
STK0000094,FAC002,2026-08-01,Cetirizine,266,98,153,211,0,0,Adequate
STK0000095,FAC002,2026-08-01,Pantoprazole,265,73,236,102,0,0,Adequate
STK0000096,FAC002,2026-08-01,Amoxicillin,246,151,249,148,0,0,Adequate
STK0000097,FAC003,2026-01-01,Amlodipine,123,215,137,201,0,0,Adequate
STK0000098,FAC003,2026-01-01,Metformin,202,114,98,218,0,0,Adequate
STK0000099,FAC003,2026-01-01,Paracetamol,250,61,105,206,0,0,Adequate
STK0000100,FAC003,2026-01-01,Cetirizine,293,41,166,168,0,0,Adequate
STK0000101,FAC003,2026-01-01,Pantoprazole,122,146,243,25,0,0,Low stock
STK0000102,FAC003,2026-01-01,Amoxicillin,236,144,313,67,0,0,Adequate
STK0000103,FAC003,2026-02-01,Amlodipine,182,185,273,94,0,0,Adequate
STK0000104,FAC003,2026-02-01,Metformin,246,207,339,114,0,0,Adequate
STK0000105,FAC003,2026-02-01,Paracetamol,181,157,212,126,0,0,Adequate
STK0000106,FAC003,2026-02-01,Cetirizine,279,169,351,97,0,0,Adequate
STK0000107,FAC003,2026-02-01,Pantoprazole,83,161,96,148,0,0,Adequate
STK0000108,FAC003,2026-02-01,Amoxicillin,121,55,74,102,0,0,Adequate
STK0000109,FAC003,2026-03-01,Amlodipine,203,177,222,158,0,0,Adequate
STK0000110,FAC003,2026-03-01,Metformin,84,219,239,64,0,0,Adequate
STK0000111,FAC003,2026-03-01,Paracetamol,201,70,254,17,0,0,Low stock
STK0000112,FAC003,2026-03-01,Cetirizine,153,41,19,175,0,0,Adequate
STK0000113,FAC003,2026-03-01,Pantoprazole,189,141,189,141,0,0,Adequate
STK0000114,FAC003,2026-03-01,Amoxicillin,264,67,202,0,1,5,Reorder raised
STK0000115,FAC003,2026-04-01,Amlodipine,273,45,277,41,0,0,Adequate
STK0000116,FAC003,2026-04-01,Metformin,184,130,182,132,0,0,Adequate
STK0000117,FAC003,2026-04-01,Paracetamol,194,218,350,62,0,0,Adequate
STK0000118,FAC003,2026-04-01,Cetirizine,188,80,185,83,0,0,Adequate
STK0000119,FAC003,2026-04-01,Pantoprazole,294,165,313,146,0,0,Adequate
STK0000120,FAC003,2026-04-01,Amoxicillin,104,123,38,189,0,0,Adequate
STK0000121,FAC003,2026-05-01,Amlodipine,156,95,41,210,0,0,Adequate
STK0000122,FAC003,2026-05-01,Metformin,174,69,131,112,0,0,Adequate
STK0000123,FAC003,2026-05-01,Paracetamol,86,80,139,27,0,0,Low stock
STK0000124,FAC003,2026-05-01,Cetirizine,206,135,318,23,0,0,Low stock
STK0000125,FAC003,2026-05-01,Pantoprazole,85,60,23,122,0,0,Adequate
STK0000126,FAC003,2026-05-01,Amoxicillin,161,87,141,107,0,0,Adequate
STK0000127,FAC003,2026-06-01,Amlodipine,94,74,0,168,0,0,Adequate
STK0000128,FAC003,2026-06-01,Metformin,209,101,222,0,1,11,Reorder raised
STK0000129,FAC003,2026-06-01,Paracetamol,164,217,289,92,0,0,Adequate
STK0000130,FAC003,2026-06-01,Cetirizine,169,208,348,29,0,0,Low stock
STK0000131,FAC003,2026-06-01,Pantoprazole,234,139,230,143,0,0,Adequate
STK0000132,FAC003,2026-06-01,Amoxicillin,94,127,3,218,0,0,Adequate
STK0000133,FAC003,2026-07-01,Amlodipine,279,133,326,86,0,0,Adequate
STK0000134,FAC003,2026-07-01,Metformin,192,193,288,97,0,0,Adequate
STK0000135,FAC003,2026-07-01,Paracetamol,111,95,47,159,0,0,Adequate
STK0000136,FAC003,2026-07-01,Cetirizine,202,60,129,133,0,0,Adequate
STK0000137,FAC003,2026-07-01,Pantoprazole,223,117,235,105,0,0,Adequate
STK0000138,FAC003,2026-07-01,Amoxicillin,157,141,121,177,0,0,Adequate
STK0000139,FAC003,2026-08-01,Amlodipine,234,132,168,198,0,0,Adequate
STK0000140,FAC003,2026-08-01,Metformin,107,142,174,75,0,0,Adequate
STK0000141,FAC003,2026-08-01,Paracetamol,172,61,98,135,0,0,Adequate
STK0000142,FAC003,2026-08-01,Cetirizine,160,55,83,132,0,0,Adequate
STK0000143,FAC003,2026-08-01,Pantoprazole,195,57,100,152,0,0,Adequate
STK0000144,FAC003,2026-08-01,Amoxicillin,250,164,295,119,0,0,Adequate
STK0000145,FAC004,2026-01-01,Amlodipine,209,112,194,127,0,0,Adequate
STK0000146,FAC004,2026-01-01,Metformin,211,154,302,63,0,0,Adequate
STK0000147,FAC004,2026-01-01,Paracetamol,171,159,164,166,0,0,Adequate
STK0000148,FAC004,2026-01-01,Cetirizine,248,116,182,0,1,8,Reorder raised
STK0000149,FAC004,2026-01-01,Pantoprazole,93,57,39,111,0,0,Adequate
STK0000150,FAC004,2026-01-01,Amoxicillin,231,153,345,39,0,0,Adequate
STK0000151,FAC004,2026-02-01,Amlodipine,230,68,134,164,0,0,Adequate
STK0000152,FAC004,2026-02-01,Metformin,173,209,168,214,0,0,Adequate
STK0000153,FAC004,2026-02-01,Paracetamol,284,180,285,179,0,0,Adequate
STK0000154,FAC004,2026-02-01,Cetirizine,222,162,233,151,0,0,Adequate
STK0000155,FAC004,2026-02-01,Pantoprazole,146,151,169,128,0,0,Adequate
STK0000156,FAC004,2026-02-01,Amoxicillin,119,66,66,119,0,0,Adequate
STK0000157,FAC004,2026-03-01,Amlodipine,234,154,302,86,0,0,Adequate
STK0000158,FAC004,2026-03-01,Metformin,91,55,0,146,0,0,Adequate
STK0000159,FAC004,2026-03-01,Paracetamol,190,80,56,214,0,0,Adequate
STK0000160,FAC004,2026-03-01,Cetirizine,178,55,26,207,0,0,Adequate
STK0000161,FAC004,2026-03-01,Pantoprazole,87,69,90,0,1,7,Reorder raised
STK0000162,FAC004,2026-03-01,Amoxicillin,267,211,345,133,0,0,Adequate
STK0000163,FAC004,2026-04-01,Amlodipine,125,115,165,75,0,0,Adequate
STK0000164,FAC004,2026-04-01,Metformin,94,44,66,72,0,0,Adequate
STK0000165,FAC004,2026-04-01,Paracetamol,205,114,213,106,0,0,Adequate
STK0000166,FAC004,2026-04-01,Cetirizine,142,76,160,58,0,0,Adequate
STK0000167,FAC004,2026-04-01,Pantoprazole,261,214,395,80,0,0,Adequate
STK0000168,FAC004,2026-04-01,Amoxicillin,132,197,303,26,0,0,Low stock
STK0000169,FAC004,2026-05-01,Amlodipine,114,127,159,82,0,0,Adequate
STK0000170,FAC004,2026-05-01,Metformin,136,127,248,15,0,0,Low stock
STK0000171,FAC004,2026-05-01,Paracetamol,246,129,155,220,0,0,Adequate
STK0000172,FAC004,2026-05-01,Cetirizine,213,183,310,86,0,0,Adequate
STK0000173,FAC004,2026-05-01,Pantoprazole,236,172,355,53,0,0,Adequate
STK0000174,FAC004,2026-05-01,Amoxicillin,300,92,310,82,0,0,Adequate
STK0000175,FAC004,2026-06-01,Amlodipine,121,130,166,85,0,0,Adequate
STK0000176,FAC004,2026-06-01,Metformin,210,67,77,200,0,0,Adequate
STK0000177,FAC004,2026-06-01,Paracetamol,206,139,220,125,0,0,Adequate
STK0000178,FAC004,2026-06-01,Cetirizine,90,120,42,168,0,0,Adequate
STK0000179,FAC004,2026-06-01,Pantoprazole,140,122,123,139,0,0,Adequate
STK0000180,FAC004,2026-06-01,Amoxicillin,99,170,85,184,0,0,Adequate
STK0000181,FAC004,2026-07-01,Amlodipine,186,144,187,143,0,0,Adequate
STK0000182,FAC004,2026-07-01,Metformin,289,186,398,77,0,0,Adequate
STK0000183,FAC004,2026-07-01,Paracetamol,238,153,300,91,0,0,Adequate
STK0000184,FAC004,2026-07-01,Cetirizine,300,112,206,206,0,0,Adequate
STK0000185,FAC004,2026-07-01,Pantoprazole,129,206,310,25,0,0,Low stock
STK0000186,FAC004,2026-07-01,Amoxicillin,170,113,134,149,0,0,Adequate
STK0000187,FAC004,2026-08-01,Amlodipine,220,175,190,205,0,0,Adequate
STK0000188,FAC004,2026-08-01,Metformin,83,67,0,150,0,0,Adequate
STK0000189,FAC004,2026-08-01,Paracetamol,143,83,85,141,0,0,Adequate
STK0000190,FAC004,2026-08-01,Cetirizine,181,86,148,119,0,0,Adequate
STK0000191,FAC004,2026-08-01,Pantoprazole,151,217,175,193,0,0,Adequate
STK0000192,FAC004,2026-08-01,Amoxicillin,98,106,48,0,1,6,Reorder raised
STK0000193,FAC005,2026-01-01,Amlodipine,167,199,148,218,0,0,Adequate
STK0000194,FAC005,2026-01-01,Metformin,216,48,89,175,0,0,Adequate
STK0000195,FAC005,2026-01-01,Paracetamol,86,213,217,82,0,0,Adequate
STK0000196,FAC005,2026-01-01,Cetirizine,224,50,239,0,1,11,Reorder raised
STK0000197,FAC005,2026-01-01,Pantoprazole,99,137,37,199,0,0,Adequate
STK0000198,FAC005,2026-01-01,Amoxicillin,149,134,99,184,0,0,Adequate
STK0000199,FAC005,2026-02-01,Amlodipine,266,202,309,159,0,0,Adequate
STK0000200,FAC005,2026-02-01,Metformin,110,92,57,145,0,0,Adequate
STK0000201,FAC005,2026-02-01,Paracetamol,202,216,401,17,0,0,Low stock
STK0000202,FAC005,2026-02-01,Cetirizine,106,159,181,84,0,0,Adequate
STK0000203,FAC005,2026-02-01,Pantoprazole,231,43,259,15,0,0,Low stock
STK0000204,FAC005,2026-02-01,Amoxicillin,197,191,173,215,0,0,Adequate
STK0000205,FAC005,2026-03-01,Amlodipine,226,211,229,208,0,0,Adequate
STK0000206,FAC005,2026-03-01,Metformin,108,178,109,177,0,0,Adequate
STK0000207,FAC005,2026-03-01,Paracetamol,157,57,88,126,0,0,Adequate
STK0000208,FAC005,2026-03-01,Cetirizine,300,186,381,105,0,0,Adequate
STK0000209,FAC005,2026-03-01,Pantoprazole,90,146,80,156,0,0,Adequate
STK0000210,FAC005,2026-03-01,Amoxicillin,91,160,44,207,0,0,Adequate
STK0000211,FAC005,2026-04-01,Amlodipine,234,199,402,0,1,12,Reorder raised
STK0000212,FAC005,2026-04-01,Metformin,204,191,295,0,1,5,Reorder raised
STK0000213,FAC005,2026-04-01,Paracetamol,196,128,142,182,0,0,Adequate
STK0000214,FAC005,2026-04-01,Cetirizine,105,66,135,36,0,0,Adequate
STK0000215,FAC005,2026-04-01,Pantoprazole,198,150,202,146,0,0,Adequate
STK0000216,FAC005,2026-04-01,Amoxicillin,175,209,364,20,0,0,Low stock
STK0000217,FAC005,2026-05-01,Amlodipine,251,207,316,142,0,0,Adequate
STK0000218,FAC005,2026-05-01,Metformin,258,90,284,64,0,0,Adequate
STK0000219,FAC005,2026-05-01,Paracetamol,101,185,237,49,0,0,Adequate
STK0000220,FAC005,2026-05-01,Cetirizine,198,134,196,136,0,0,Adequate
STK0000221,FAC005,2026-05-01,Pantoprazole,284,83,325,42,0,0,Adequate
STK0000222,FAC005,2026-05-01,Amoxicillin,109,74,73,110,0,0,Adequate
STK0000223,FAC005,2026-06-01,Amlodipine,89,77,142,24,0,0,Low stock
STK0000224,FAC005,2026-06-01,Metformin,201,100,244,57,0,0,Adequate
STK0000225,FAC005,2026-06-01,Paracetamol,283,61,244,100,0,0,Adequate
STK0000226,FAC005,2026-06-01,Cetirizine,106,43,73,76,0,0,Adequate
STK0000227,FAC005,2026-06-01,Pantoprazole,167,65,189,43,0,0,Adequate
STK0000228,FAC005,2026-06-01,Amoxicillin,161,155,142,174,0,0,Adequate
STK0000229,FAC005,2026-07-01,Amlodipine,229,62,221,70,0,0,Adequate
STK0000230,FAC005,2026-07-01,Metformin,152,154,257,49,0,0,Adequate
STK0000231,FAC005,2026-07-01,Paracetamol,126,123,185,64,0,0,Adequate
STK0000232,FAC005,2026-07-01,Cetirizine,217,201,241,177,0,0,Adequate
STK0000233,FAC005,2026-07-01,Pantoprazole,135,81,102,114,0,0,Adequate
STK0000234,FAC005,2026-07-01,Amoxicillin,132,46,72,106,0,0,Adequate
STK0000235,FAC005,2026-08-01,Amlodipine,109,94,129,74,0,0,Adequate
STK0000236,FAC005,2026-08-01,Metformin,81,146,181,46,0,0,Adequate
STK0000237,FAC005,2026-08-01,Paracetamol,161,120,110,171,0,0,Adequate
STK0000238,FAC005,2026-08-01,Cetirizine,191,160,172,179,0,0,Adequate
STK0000239,FAC005,2026-08-01,Pantoprazole,168,198,240,126,0,0,Adequate
STK0000240,FAC005,2026-08-01,Amoxicillin,108,164,103,169,0,0,Adequate
STK0000241,FAC006,2026-01-01,Amlodipine,138,172,181,129,0,0,Adequate
STK0000242,FAC006,2026-01-01,Metformin,170,118,188,100,0,0,Adequate
STK0000243,FAC006,2026-01-01,Paracetamol,192,80,117,155,0,0,Adequate
STK0000244,FAC006,2026-01-01,Cetirizine,190,110,141,159,0,0,Adequate
STK0000245,FAC006,2026-01-01,Pantoprazole,168,77,204,41,0,0,Adequate
STK0000246,FAC006,2026-01-01,Amoxicillin,205,114,290,29,0,0,Low stock
STK0000247,FAC006,2026-02-01,Amlodipine,285,110,217,178,0,0,Adequate
STK0000248,FAC006,2026-02-01,Metformin,93,201,250,44,0,0,Adequate
STK0000249,FAC006,2026-02-01,Paracetamol,81,66,0,147,0,0,Adequate
STK0000250,FAC006,2026-02-01,Cetirizine,213,145,235,0,1,3,Reorder raised
STK0000251,FAC006,2026-02-01,Pantoprazole,89,191,166,114,0,0,Adequate
STK0000252,FAC006,2026-02-01,Amoxicillin,92,48,0,140,0,0,Adequate
STK0000253,FAC006,2026-03-01,Amlodipine,194,170,315,49,0,0,Adequate
STK0000254,FAC006,2026-03-01,Metformin,150,174,178,146,0,0,Adequate
STK0000255,FAC006,2026-03-01,Paracetamol,198,134,135,197,0,0,Adequate
STK0000256,FAC006,2026-03-01,Cetirizine,174,167,229,112,0,0,Adequate
STK0000257,FAC006,2026-03-01,Pantoprazole,221,74,154,141,0,0,Adequate
STK0000258,FAC006,2026-03-01,Amoxicillin,229,140,183,186,0,0,Adequate
STK0000259,FAC006,2026-04-01,Amlodipine,140,72,143,69,0,0,Adequate
STK0000260,FAC006,2026-04-01,Metformin,83,125,170,38,0,0,Adequate
STK0000261,FAC006,2026-04-01,Paracetamol,193,165,278,80,0,0,Adequate
STK0000262,FAC006,2026-04-01,Cetirizine,97,66,0,0,1,3,Reorder raised
STK0000263,FAC006,2026-04-01,Pantoprazole,253,191,323,121,0,0,Adequate
STK0000264,FAC006,2026-04-01,Amoxicillin,270,80,249,101,0,0,Adequate
STK0000265,FAC006,2026-05-01,Amlodipine,211,136,285,62,0,0,Adequate
STK0000266,FAC006,2026-05-01,Metformin,287,147,407,27,0,0,Low stock
STK0000267,FAC006,2026-05-01,Paracetamol,231,84,287,28,0,0,Low stock
STK0000268,FAC006,2026-05-01,Cetirizine,152,146,229,69,0,0,Adequate
STK0000269,FAC006,2026-05-01,Pantoprazole,121,44,77,0,1,11,Reorder raised
STK0000270,FAC006,2026-05-01,Amoxicillin,203,159,289,73,0,0,Adequate
STK0000271,FAC006,2026-06-01,Amlodipine,124,104,93,135,0,0,Adequate
STK0000272,FAC006,2026-06-01,Metformin,109,185,181,113,0,0,Adequate
STK0000273,FAC006,2026-06-01,Paracetamol,236,187,294,129,0,0,Adequate
STK0000274,FAC006,2026-06-01,Cetirizine,166,41,8,199,0,0,Adequate
STK0000275,FAC006,2026-06-01,Pantoprazole,159,206,214,151,0,0,Adequate
STK0000276,FAC006,2026-06-01,Amoxicillin,217,169,329,57,0,0,Adequate
STK0000277,FAC006,2026-07-01,Amlodipine,142,184,142,184,0,0,Adequate
STK0000278,FAC006,2026-07-01,Metformin,270,85,328,27,0,0,Low stock
STK0000279,FAC006,2026-07-01,Paracetamol,176,182,162,196,0,0,Adequate
STK0000280,FAC006,2026-07-01,Cetirizine,266,179,363,82,0,0,Adequate
STK0000281,FAC006,2026-07-01,Pantoprazole,186,111,233,64,0,0,Adequate
STK0000282,FAC006,2026-07-01,Amoxicillin,218,65,151,132,0,0,Adequate
STK0000283,FAC006,2026-08-01,Amlodipine,174,81,144,111,0,0,Adequate
STK0000284,FAC006,2026-08-01,Metformin,89,205,203,91,0,0,Adequate
STK0000285,FAC006,2026-08-01,Paracetamol,256,134,225,165,0,0,Adequate
STK0000286,FAC006,2026-08-01,Cetirizine,199,66,129,136,0,0,Adequate
STK0000287,FAC006,2026-08-01,Pantoprazole,240,166,363,43,0,0,Adequate
STK0000288,FAC006,2026-08-01,Amoxicillin,171,168,155,184,0,0,Adequate
STK0000289,FAC007,2026-01-01,Amlodipine,267,94,237,124,0,0,Adequate
STK0000290,FAC007,2026-01-01,Metformin,126,207,255,78,0,0,Adequate
STK0000291,FAC007,2026-01-01,Paracetamol,274,114,192,196,0,0,Adequate
STK0000292,FAC007,2026-01-01,Cetirizine,117,132,185,0,1,8,Reorder raised
STK0000293,FAC007,2026-01-01,Pantoprazole,158,179,235,102,0,0,Adequate
STK0000294,FAC007,2026-01-01,Amoxicillin,121,119,175,65,0,0,Adequate
STK0000295,FAC007,2026-02-01,Amlodipine,281,135,277,139,0,0,Adequate
STK0000296,FAC007,2026-02-01,Metformin,239,45,103,181,0,0,Adequate
STK0000297,FAC007,2026-02-01,Paracetamol,149,93,142,100,0,0,Adequate
STK0000298,FAC007,2026-02-01,Cetirizine,80,151,182,49,0,0,Adequate
STK0000299,FAC007,2026-02-01,Pantoprazole,129,130,146,113,0,0,Adequate
STK0000300,FAC007,2026-02-01,Amoxicillin,175,158,166,167,0,0,Adequate
STK0000301,FAC007,2026-03-01,Amlodipine,121,167,240,0,1,12,Reorder raised
STK0000302,FAC007,2026-03-01,Metformin,285,171,414,42,0,0,Adequate
STK0000303,FAC007,2026-03-01,Paracetamol,274,197,387,84,0,0,Adequate
STK0000304,FAC007,2026-03-01,Cetirizine,116,63,142,37,0,0,Adequate
STK0000305,FAC007,2026-03-01,Pantoprazole,261,215,263,213,0,0,Adequate
STK0000306,FAC007,2026-03-01,Amoxicillin,294,136,235,195,0,0,Adequate
STK0000307,FAC007,2026-04-01,Amlodipine,129,153,177,105,0,0,Adequate
STK0000308,FAC007,2026-04-01,Metformin,184,195,190,189,0,0,Adequate
STK0000309,FAC007,2026-04-01,Paracetamol,286,82,346,22,0,0,Low stock
STK0000310,FAC007,2026-04-01,Cetirizine,148,56,0,204,0,0,Adequate
STK0000311,FAC007,2026-04-01,Pantoprazole,297,90,171,216,0,0,Adequate
STK0000312,FAC007,2026-04-01,Amoxicillin,109,129,205,33,0,0,Adequate
STK0000313,FAC007,2026-05-01,Amlodipine,130,82,26,186,0,0,Adequate
STK0000314,FAC007,2026-05-01,Metformin,202,152,246,0,1,10,Reorder raised
STK0000315,FAC007,2026-05-01,Paracetamol,274,51,287,38,0,0,Adequate
STK0000316,FAC007,2026-05-01,Cetirizine,164,103,96,171,0,0,Adequate
STK0000317,FAC007,2026-05-01,Pantoprazole,133,60,0,193,0,0,Adequate
STK0000318,FAC007,2026-05-01,Amoxicillin,99,147,230,16,0,0,Low stock
STK0000319,FAC007,2026-06-01,Amlodipine,263,126,309,0,1,11,Reorder raised
STK0000320,FAC007,2026-06-01,Metformin,104,139,186,57,0,0,Adequate
STK0000321,FAC007,2026-06-01,Paracetamol,143,110,33,220,0,0,Adequate
STK0000322,FAC007,2026-06-01,Cetirizine,175,48,108,115,0,0,Adequate
STK0000323,FAC007,2026-06-01,Pantoprazole,184,91,105,170,0,0,Adequate
STK0000324,FAC007,2026-06-01,Amoxicillin,121,192,241,72,0,0,Adequate
STK0000325,FAC007,2026-07-01,Amlodipine,136,131,47,220,0,0,Adequate
STK0000326,FAC007,2026-07-01,Metformin,134,118,126,126,0,0,Adequate
STK0000327,FAC007,2026-07-01,Paracetamol,250,79,298,31,0,0,Adequate
STK0000328,FAC007,2026-07-01,Cetirizine,186,164,160,190,0,0,Adequate
STK0000329,FAC007,2026-07-01,Pantoprazole,130,45,69,106,0,0,Adequate
STK0000330,FAC007,2026-07-01,Amoxicillin,190,71,236,25,0,0,Low stock
STK0000331,FAC007,2026-08-01,Amlodipine,169,215,285,99,0,0,Adequate
STK0000332,FAC007,2026-08-01,Metformin,162,156,102,216,0,0,Adequate
STK0000333,FAC007,2026-08-01,Paracetamol,164,82,154,92,0,0,Adequate
STK0000334,FAC007,2026-08-01,Cetirizine,202,142,193,151,0,0,Adequate
STK0000335,FAC007,2026-08-01,Pantoprazole,131,72,159,44,0,0,Adequate
STK0000336,FAC007,2026-08-01,Amoxicillin,153,128,79,202,0,0,Adequate
STK0000337,FAC008,2026-01-01,Amlodipine,203,55,193,65,0,0,Adequate
STK0000338,FAC008,2026-01-01,Metformin,281,154,273,162,0,0,Adequate
STK0000339,FAC008,2026-01-01,Paracetamol,299,213,407,105,0,0,Adequate
STK0000340,FAC008,2026-01-01,Cetirizine,218,77,130,165,0,0,Adequate
STK0000341,FAC008,2026-01-01,Pantoprazole,161,173,263,71,0,0,Adequate
STK0000342,FAC008,2026-01-01,Amoxicillin,125,123,228,20,0,0,Low stock
STK0000343,FAC008,2026-02-01,Amlodipine,138,187,252,73,0,0,Adequate
STK0000344,FAC008,2026-02-01,Metformin,256,185,251,190,0,0,Adequate
STK0000345,FAC008,2026-02-01,Paracetamol,108,60,0,168,0,0,Adequate
STK0000346,FAC008,2026-02-01,Cetirizine,280,65,237,108,0,0,Adequate
STK0000347,FAC008,2026-02-01,Pantoprazole,233,55,199,89,0,0,Adequate
STK0000348,FAC008,2026-02-01,Amoxicillin,170,145,227,88,0,0,Adequate
STK0000349,FAC008,2026-03-01,Amlodipine,219,93,127,185,0,0,Adequate
STK0000350,FAC008,2026-03-01,Metformin,158,148,144,0,1,10,Reorder raised
STK0000351,FAC008,2026-03-01,Paracetamol,191,152,207,136,0,0,Adequate
STK0000352,FAC008,2026-03-01,Cetirizine,295,95,324,66,0,0,Adequate
STK0000353,FAC008,2026-03-01,Pantoprazole,137,161,128,170,0,0,Adequate
STK0000354,FAC008,2026-03-01,Amoxicillin,208,202,347,63,0,0,Adequate
STK0000355,FAC008,2026-04-01,Amlodipine,246,105,253,98,0,0,Adequate
STK0000356,FAC008,2026-04-01,Metformin,204,160,339,0,1,7,Reorder raised
STK0000357,FAC008,2026-04-01,Paracetamol,246,91,252,85,0,0,Adequate
STK0000358,FAC008,2026-04-01,Cetirizine,87,87,101,73,0,0,Adequate
STK0000359,FAC008,2026-04-01,Pantoprazole,174,190,193,171,0,0,Adequate
STK0000360,FAC008,2026-04-01,Amoxicillin,122,194,133,183,0,0,Adequate
STK0000361,FAC008,2026-05-01,Amlodipine,108,96,160,44,0,0,Adequate
STK0000362,FAC008,2026-05-01,Metformin,159,80,72,167,0,0,Adequate
STK0000363,FAC008,2026-05-01,Paracetamol,195,102,137,160,0,0,Adequate
STK0000364,FAC008,2026-05-01,Cetirizine,112,52,101,63,0,0,Adequate
STK0000365,FAC008,2026-05-01,Pantoprazole,277,161,341,97,0,0,Adequate
STK0000366,FAC008,2026-05-01,Amoxicillin,231,206,232,205,0,0,Adequate
STK0000367,FAC008,2026-06-01,Amlodipine,162,98,175,85,0,0,Adequate
STK0000368,FAC008,2026-06-01,Metformin,113,123,55,181,0,0,Adequate
STK0000369,FAC008,2026-06-01,Paracetamol,296,133,402,27,0,0,Low stock
STK0000370,FAC008,2026-06-01,Cetirizine,141,166,222,85,0,0,Adequate
STK0000371,FAC008,2026-06-01,Pantoprazole,281,192,376,97,0,0,Adequate
STK0000372,FAC008,2026-06-01,Amoxicillin,108,145,106,147,0,0,Adequate
STK0000373,FAC008,2026-07-01,Amlodipine,85,96,44,137,0,0,Adequate
STK0000374,FAC008,2026-07-01,Metformin,234,190,296,128,0,0,Adequate
STK0000375,FAC008,2026-07-01,Paracetamol,242,135,253,124,0,0,Adequate
STK0000376,FAC008,2026-07-01,Cetirizine,236,104,318,22,0,0,Low stock
STK0000377,FAC008,2026-07-01,Pantoprazole,96,101,105,92,0,0,Adequate
STK0000378,FAC008,2026-07-01,Amoxicillin,180,74,122,132,0,0,Adequate
STK0000379,FAC008,2026-08-01,Amlodipine,80,50,96,34,0,0,Adequate
STK0000380,FAC008,2026-08-01,Metformin,180,141,299,22,0,0,Low stock
STK0000381,FAC008,2026-08-01,Paracetamol,277,114,180,211,0,0,Adequate
STK0000382,FAC008,2026-08-01,Cetirizine,276,103,310,69,0,0,Adequate
STK0000383,FAC008,2026-08-01,Pantoprazole,290,193,457,26,0,0,Low stock
STK0000384,FAC008,2026-08-01,Amoxicillin,189,157,272,74,0,0,Adequate
STK0000385,FAC009,2026-01-01,Amlodipine,99,48,75,72,0,0,Adequate
STK0000386,FAC009,2026-01-01,Metformin,154,93,89,158,0,0,Adequate
STK0000387,FAC009,2026-01-01,Paracetamol,111,40,0,151,0,0,Adequate
STK0000388,FAC009,2026-01-01,Cetirizine,119,124,62,0,1,4,Reorder raised
STK0000389,FAC009,2026-01-01,Pantoprazole,186,194,213,167,0,0,Adequate
STK0000390,FAC009,2026-01-01,Amoxicillin,223,117,304,36,0,0,Adequate
STK0000391,FAC009,2026-02-01,Amlodipine,278,174,242,210,0,0,Adequate
STK0000392,FAC009,2026-02-01,Metformin,164,171,157,178,0,0,Adequate
STK0000393,FAC009,2026-02-01,Paracetamol,244,119,152,211,0,0,Adequate
STK0000394,FAC009,2026-02-01,Cetirizine,204,68,209,63,0,0,Adequate
STK0000395,FAC009,2026-02-01,Pantoprazole,86,91,18,159,0,0,Adequate
STK0000396,FAC009,2026-02-01,Amoxicillin,140,131,83,188,0,0,Adequate
STK0000397,FAC009,2026-03-01,Amlodipine,234,203,358,79,0,0,Adequate
STK0000398,FAC009,2026-03-01,Metformin,196,147,299,44,0,0,Adequate
STK0000399,FAC009,2026-03-01,Paracetamol,174,41,96,119,0,0,Adequate
STK0000400,FAC009,2026-03-01,Cetirizine,255,76,293,38,0,0,Adequate
STK0000401,FAC009,2026-03-01,Pantoprazole,134,203,314,23,0,0,Low stock
STK0000402,FAC009,2026-03-01,Amoxicillin,241,201,395,47,0,0,Adequate
STK0000403,FAC009,2026-04-01,Amlodipine,145,116,160,101,0,0,Adequate
STK0000404,FAC009,2026-04-01,Metformin,259,85,283,61,0,0,Adequate
STK0000405,FAC009,2026-04-01,Paracetamol,152,144,254,42,0,0,Adequate
STK0000406,FAC009,2026-04-01,Cetirizine,298,204,430,72,0,0,Adequate
STK0000407,FAC009,2026-04-01,Pantoprazole,91,101,167,25,0,0,Low stock
STK0000408,FAC009,2026-04-01,Amoxicillin,186,155,141,200,0,0,Adequate
STK0000409,FAC009,2026-05-01,Amlodipine,201,210,362,49,0,0,Adequate
STK0000410,FAC009,2026-05-01,Metformin,93,41,34,100,0,0,Adequate
STK0000411,FAC009,2026-05-01,Paracetamol,181,81,165,97,0,0,Adequate
STK0000412,FAC009,2026-05-01,Cetirizine,225,188,202,211,0,0,Adequate
STK0000413,FAC009,2026-05-01,Pantoprazole,166,154,170,150,0,0,Adequate
STK0000414,FAC009,2026-05-01,Amoxicillin,258,118,253,123,0,0,Adequate
STK0000415,FAC009,2026-06-01,Amlodipine,221,216,338,99,0,0,Adequate
STK0000416,FAC009,2026-06-01,Metformin,210,94,262,42,0,0,Adequate
STK0000417,FAC009,2026-06-01,Paracetamol,168,157,127,198,0,0,Adequate
STK0000418,FAC009,2026-06-01,Cetirizine,212,217,284,145,0,0,Adequate
STK0000419,FAC009,2026-06-01,Pantoprazole,209,68,63,214,0,0,Adequate
STK0000420,FAC009,2026-06-01,Amoxicillin,136,193,241,88,0,0,Adequate
STK0000421,FAC009,2026-07-01,Amlodipine,265,125,170,220,0,0,Adequate
STK0000422,FAC009,2026-07-01,Metformin,135,74,0,209,0,0,Adequate
STK0000423,FAC009,2026-07-01,Paracetamol,134,100,106,128,0,0,Adequate
STK0000424,FAC009,2026-07-01,Cetirizine,259,196,266,189,0,0,Adequate
STK0000425,FAC009,2026-07-01,Pantoprazole,116,212,118,210,0,0,Adequate
STK0000426,FAC009,2026-07-01,Amoxicillin,285,63,162,186,0,0,Adequate
STK0000427,FAC009,2026-08-01,Amlodipine,274,148,359,63,0,0,Adequate
STK0000428,FAC009,2026-08-01,Metformin,250,196,428,0,1,5,Reorder raised
STK0000429,FAC009,2026-08-01,Paracetamol,291,116,261,146,0,0,Adequate
STK0000430,FAC009,2026-08-01,Cetirizine,285,215,335,165,0,0,Adequate
STK0000431,FAC009,2026-08-01,Pantoprazole,170,118,237,51,0,0,Adequate
STK0000432,FAC009,2026-08-01,Amoxicillin,291,115,193,213,0,0,Adequate
STK0000433,FAC010,2026-01-01,Amlodipine,100,85,92,93,0,0,Adequate
STK0000434,FAC010,2026-01-01,Metformin,249,198,244,203,0,0,Adequate
STK0000435,FAC010,2026-01-01,Paracetamol,200,98,136,162,0,0,Adequate
STK0000436,FAC010,2026-01-01,Cetirizine,186,106,81,211,0,0,Adequate
STK0000437,FAC010,2026-01-01,Pantoprazole,111,136,188,59,0,0,Adequate
STK0000438,FAC010,2026-01-01,Amoxicillin,191,157,139,209,0,0,Adequate
STK0000439,FAC010,2026-02-01,Amlodipine,168,47,26,189,0,0,Adequate
STK0000440,FAC010,2026-02-01,Metformin,248,60,132,176,0,0,Adequate
STK0000441,FAC010,2026-02-01,Paracetamol,274,179,346,107,0,0,Adequate
STK0000442,FAC010,2026-02-01,Cetirizine,86,120,0,206,0,0,Adequate
STK0000443,FAC010,2026-02-01,Pantoprazole,285,117,185,217,0,0,Adequate
STK0000444,FAC010,2026-02-01,Amoxicillin,163,123,100,186,0,0,Adequate
STK0000445,FAC010,2026-03-01,Amlodipine,115,187,153,149,0,0,Adequate
STK0000446,FAC010,2026-03-01,Metformin,254,62,246,70,0,0,Adequate
STK0000447,FAC010,2026-03-01,Paracetamol,134,135,145,124,0,0,Adequate
STK0000448,FAC010,2026-03-01,Cetirizine,222,105,142,185,0,0,Adequate
STK0000449,FAC010,2026-03-01,Pantoprazole,123,214,311,26,0,0,Low stock
STK0000450,FAC010,2026-03-01,Amoxicillin,202,137,170,169,0,0,Adequate
STK0000451,FAC010,2026-04-01,Amlodipine,299,46,207,138,0,0,Adequate
STK0000452,FAC010,2026-04-01,Metformin,177,66,96,147,0,0,Adequate
STK0000453,FAC010,2026-04-01,Paracetamol,273,93,330,36,0,0,Adequate
STK0000454,FAC010,2026-04-01,Cetirizine,125,177,173,0,1,12,Reorder raised
STK0000455,FAC010,2026-04-01,Pantoprazole,120,137,65,192,0,0,Adequate
STK0000456,FAC010,2026-04-01,Amoxicillin,171,95,240,26,0,0,Low stock
STK0000457,FAC010,2026-05-01,Amlodipine,119,95,20,194,0,0,Adequate
STK0000458,FAC010,2026-05-01,Metformin,285,50,180,155,0,0,Adequate
STK0000459,FAC010,2026-05-01,Paracetamol,238,86,204,120,0,0,Adequate
STK0000460,FAC010,2026-05-01,Cetirizine,272,178,253,197,0,0,Adequate
STK0000461,FAC010,2026-05-01,Pantoprazole,229,80,173,136,0,0,Adequate
STK0000462,FAC010,2026-05-01,Amoxicillin,189,106,221,74,0,0,Adequate
STK0000463,FAC010,2026-06-01,Amlodipine,96,107,174,0,1,6,Reorder raised
STK0000464,FAC010,2026-06-01,Metformin,239,60,283,16,0,0,Low stock
STK0000465,FAC010,2026-06-01,Paracetamol,194,84,123,155,0,0,Adequate
STK0000466,FAC010,2026-06-01,Cetirizine,230,51,89,192,0,0,Adequate
STK0000467,FAC010,2026-06-01,Pantoprazole,184,182,269,97,0,0,Adequate
STK0000468,FAC010,2026-06-01,Amoxicillin,220,116,292,44,0,0,Adequate
STK0000469,FAC010,2026-07-01,Amlodipine,198,103,270,31,0,0,Adequate
STK0000470,FAC010,2026-07-01,Metformin,178,218,357,39,0,0,Adequate
STK0000471,FAC010,2026-07-01,Paracetamol,143,200,223,120,0,0,Adequate
STK0000472,FAC010,2026-07-01,Cetirizine,244,204,238,210,0,0,Adequate
STK0000473,FAC010,2026-07-01,Pantoprazole,167,136,281,22,0,0,Low stock
STK0000474,FAC010,2026-07-01,Amoxicillin,217,124,272,0,1,6,Reorder raised
STK0000475,FAC010,2026-08-01,Amlodipine,296,178,292,182,0,0,Adequate
STK0000476,FAC010,2026-08-01,Metformin,226,105,247,84,0,0,Adequate
STK0000477,FAC010,2026-08-01,Paracetamol,178,145,122,201,0,0,Adequate
STK0000478,FAC010,2026-08-01,Cetirizine,214,76,140,150,0,0,Adequate
STK0000479,FAC010,2026-08-01,Pantoprazole,206,191,230,167,0,0,Adequate
STK0000480,FAC010,2026-08-01,Amoxicillin,279,47,159,167,0,0,Adequate
STK0000481,FAC011,2026-01-01,Amlodipine,239,172,274,137,0,0,Adequate
STK0000482,FAC011,2026-01-01,Metformin,139,199,279,59,0,0,Adequate
STK0000483,FAC011,2026-01-01,Paracetamol,204,190,269,125,0,0,Adequate
STK0000484,FAC011,2026-01-01,Cetirizine,114,200,233,81,0,0,Adequate
STK0000485,FAC011,2026-01-01,Pantoprazole,185,107,116,176,0,0,Adequate
STK0000486,FAC011,2026-01-01,Amoxicillin,100,117,122,95,0,0,Adequate
STK0000487,FAC011,2026-02-01,Amlodipine,193,73,227,39,0,0,Adequate
STK0000488,FAC011,2026-02-01,Metformin,206,170,280,96,0,0,Adequate
STK0000489,FAC011,2026-02-01,Paracetamol,87,116,123,80,0,0,Adequate
STK0000490,FAC011,2026-02-01,Cetirizine,119,202,106,215,0,0,Adequate
STK0000491,FAC011,2026-02-01,Pantoprazole,182,75,154,103,0,0,Adequate
STK0000492,FAC011,2026-02-01,Amoxicillin,148,110,87,171,0,0,Adequate
STK0000493,FAC011,2026-03-01,Amlodipine,142,92,121,113,0,0,Adequate
STK0000494,FAC011,2026-03-01,Metformin,151,49,111,89,0,0,Adequate
STK0000495,FAC011,2026-03-01,Paracetamol,263,75,122,216,0,0,Adequate
STK0000496,FAC011,2026-03-01,Cetirizine,116,110,99,127,0,0,Adequate
STK0000497,FAC011,2026-03-01,Pantoprazole,91,160,161,90,0,0,Adequate
STK0000498,FAC011,2026-03-01,Amoxicillin,250,62,157,155,0,0,Adequate
STK0000499,FAC011,2026-04-01,Amlodipine,91,44,100,0,1,4,Reorder raised
STK0000500,FAC011,2026-04-01,Metformin,117,109,80,146,0,0,Adequate
STK0000501,FAC011,2026-04-01,Paracetamol,217,208,295,130,0,0,Adequate
STK0000502,FAC011,2026-04-01,Cetirizine,232,95,233,94,0,0,Adequate
STK0000503,FAC011,2026-04-01,Pantoprazole,209,67,147,129,0,0,Adequate
STK0000504,FAC011,2026-04-01,Amoxicillin,256,173,315,114,0,0,Adequate
STK0000505,FAC011,2026-05-01,Amlodipine,281,139,405,15,0,0,Low stock
STK0000506,FAC011,2026-05-01,Metformin,265,184,351,0,1,11,Reorder raised
STK0000507,FAC011,2026-05-01,Paracetamol,104,204,96,212,0,0,Adequate
STK0000508,FAC011,2026-05-01,Cetirizine,99,90,95,94,0,0,Adequate
STK0000509,FAC011,2026-05-01,Pantoprazole,148,105,128,125,0,0,Adequate
STK0000510,FAC011,2026-05-01,Amoxicillin,196,159,239,116,0,0,Adequate
STK0000511,FAC011,2026-06-01,Amlodipine,179,109,82,206,0,0,Adequate
STK0000512,FAC011,2026-06-01,Metformin,123,75,1,197,0,0,Adequate
STK0000513,FAC011,2026-06-01,Paracetamol,219,178,279,118,0,0,Adequate
STK0000514,FAC011,2026-06-01,Cetirizine,215,67,151,0,1,6,Reorder raised
STK0000515,FAC011,2026-06-01,Pantoprazole,251,46,129,168,0,0,Adequate
STK0000516,FAC011,2026-06-01,Amoxicillin,152,97,113,136,0,0,Adequate
STK0000517,FAC011,2026-07-01,Amlodipine,82,205,180,107,0,0,Adequate
STK0000518,FAC011,2026-07-01,Metformin,136,136,126,146,0,0,Adequate
STK0000519,FAC011,2026-07-01,Paracetamol,262,110,282,90,0,0,Adequate
STK0000520,FAC011,2026-07-01,Cetirizine,250,194,341,103,0,0,Adequate
STK0000521,FAC011,2026-07-01,Pantoprazole,243,216,281,178,0,0,Adequate
STK0000522,FAC011,2026-07-01,Amoxicillin,220,134,211,143,0,0,Adequate
STK0000523,FAC011,2026-08-01,Amlodipine,262,193,305,150,0,0,Adequate
STK0000524,FAC011,2026-08-01,Metformin,181,218,298,101,0,0,Adequate
STK0000525,FAC011,2026-08-01,Paracetamol,83,74,42,115,0,0,Adequate
STK0000526,FAC011,2026-08-01,Cetirizine,86,126,62,150,0,0,Adequate
STK0000527,FAC011,2026-08-01,Pantoprazole,288,207,322,173,0,0,Adequate
STK0000528,FAC011,2026-08-01,Amoxicillin,212,185,215,182,0,0,Adequate
STK0000529,FAC012,2026-01-01,Amlodipine,198,201,263,136,0,0,Adequate
STK0000530,FAC012,2026-01-01,Metformin,182,94,243,33,0,0,Adequate
STK0000531,FAC012,2026-01-01,Paracetamol,292,46,220,118,0,0,Adequate
STK0000532,FAC012,2026-01-01,Cetirizine,191,111,273,29,0,0,Low stock
STK0000533,FAC012,2026-01-01,Pantoprazole,111,140,216,35,0,0,Adequate
STK0000534,FAC012,2026-01-01,Amoxicillin,147,183,283,47,0,0,Adequate
STK0000535,FAC012,2026-02-01,Amlodipine,228,123,150,201,0,0,Adequate
STK0000536,FAC012,2026-02-01,Metformin,295,216,398,113,0,0,Adequate
STK0000537,FAC012,2026-02-01,Paracetamol,189,132,208,113,0,0,Adequate
STK0000538,FAC012,2026-02-01,Cetirizine,225,100,295,30,0,0,Adequate
STK0000539,FAC012,2026-02-01,Pantoprazole,128,103,132,99,0,0,Adequate
STK0000540,FAC012,2026-02-01,Amoxicillin,180,210,184,206,0,0,Adequate
STK0000541,FAC012,2026-03-01,Amlodipine,248,52,167,133,0,0,Adequate
STK0000542,FAC012,2026-03-01,Metformin,262,70,162,170,0,0,Adequate
STK0000543,FAC012,2026-03-01,Paracetamol,91,57,0,148,0,0,Adequate
STK0000544,FAC012,2026-03-01,Cetirizine,204,108,133,179,0,0,Adequate
STK0000545,FAC012,2026-03-01,Pantoprazole,99,147,132,114,0,0,Adequate
STK0000546,FAC012,2026-03-01,Amoxicillin,211,162,171,202,0,0,Adequate
STK0000547,FAC012,2026-04-01,Amlodipine,164,186,334,16,0,0,Low stock
STK0000548,FAC012,2026-04-01,Metformin,172,210,197,185,0,0,Adequate
STK0000549,FAC012,2026-04-01,Paracetamol,168,59,33,194,0,0,Adequate
STK0000550,FAC012,2026-04-01,Cetirizine,236,84,144,176,0,0,Adequate
STK0000551,FAC012,2026-04-01,Pantoprazole,231,54,192,93,0,0,Adequate
STK0000552,FAC012,2026-04-01,Amoxicillin,141,218,291,68,0,0,Adequate
STK0000553,FAC012,2026-05-01,Amlodipine,275,127,248,154,0,0,Adequate
STK0000554,FAC012,2026-05-01,Metformin,179,70,180,69,0,0,Adequate
STK0000555,FAC012,2026-05-01,Paracetamol,196,158,191,163,0,0,Adequate
STK0000556,FAC012,2026-05-01,Cetirizine,277,73,170,180,0,0,Adequate
STK0000557,FAC012,2026-05-01,Pantoprazole,269,116,251,134,0,0,Adequate
STK0000558,FAC012,2026-05-01,Amoxicillin,261,184,378,67,0,0,Adequate
STK0000559,FAC012,2026-06-01,Amlodipine,104,192,77,219,0,0,Adequate
STK0000560,FAC012,2026-06-01,Metformin,216,106,222,100,0,0,Adequate
STK0000561,FAC012,2026-06-01,Paracetamol,269,183,275,177,0,0,Adequate
STK0000562,FAC012,2026-06-01,Cetirizine,230,145,291,84,0,0,Adequate
STK0000563,FAC012,2026-06-01,Pantoprazole,229,211,268,172,0,0,Adequate
STK0000564,FAC012,2026-06-01,Amoxicillin,202,196,367,31,0,0,Adequate
STK0000565,FAC012,2026-07-01,Amlodipine,269,106,322,53,0,0,Adequate
STK0000566,FAC012,2026-07-01,Metformin,148,195,231,112,0,0,Adequate
STK0000567,FAC012,2026-07-01,Paracetamol,100,123,166,57,0,0,Adequate
STK0000568,FAC012,2026-07-01,Cetirizine,203,217,236,184,0,0,Adequate
STK0000569,FAC012,2026-07-01,Pantoprazole,177,125,98,204,0,0,Adequate
STK0000570,FAC012,2026-07-01,Amoxicillin,126,87,5,208,0,0,Adequate
STK0000571,FAC012,2026-08-01,Amlodipine,279,177,309,147,0,0,Adequate
STK0000572,FAC012,2026-08-01,Metformin,164,180,283,61,0,0,Adequate
STK0000573,FAC012,2026-08-01,Paracetamol,192,118,262,48,0,0,Adequate
STK0000574,FAC012,2026-08-01,Cetirizine,274,147,349,72,0,0,Adequate
STK0000575,FAC012,2026-08-01,Pantoprazole,182,190,242,130,0,0,Adequate
STK0000576,FAC012,2026-08-01,Amoxicillin,197,101,87,211,0,0,Adequate
STK0000577,FAC013,2026-01-01,Amlodipine,213,198,369,42,0,0,Adequate
STK0000578,FAC013,2026-01-01,Metformin,127,88,6,209,0,0,Adequate
STK0000579,FAC013,2026-01-01,Paracetamol,177,91,196,0,1,3,Reorder raised
STK0000580,FAC013,2026-01-01,Cetirizine,253,94,157,190,0,0,Adequate
STK0000581,FAC013,2026-01-01,Pantoprazole,262,103,170,195,0,0,Adequate
STK0000582,FAC013,2026-01-01,Amoxicillin,113,160,221,52,0,0,Adequate
STK0000583,FAC013,2026-02-01,Amlodipine,212,146,141,217,0,0,Adequate
STK0000584,FAC013,2026-02-01,Metformin,200,112,197,115,0,0,Adequate
STK0000585,FAC013,2026-02-01,Paracetamol,185,75,177,83,0,0,Adequate
STK0000586,FAC013,2026-02-01,Cetirizine,108,98,20,186,0,0,Adequate
STK0000587,FAC013,2026-02-01,Pantoprazole,237,71,120,188,0,0,Adequate
STK0000588,FAC013,2026-02-01,Amoxicillin,216,102,153,165,0,0,Adequate
STK0000589,FAC013,2026-03-01,Amlodipine,102,152,222,32,0,0,Adequate
STK0000590,FAC013,2026-03-01,Metformin,199,140,323,0,1,10,Reorder raised
STK0000591,FAC013,2026-03-01,Paracetamol,263,217,340,140,0,0,Adequate
STK0000592,FAC013,2026-03-01,Cetirizine,106,114,1,219,0,0,Adequate
STK0000593,FAC013,2026-03-01,Pantoprazole,253,97,330,20,0,0,Low stock
STK0000594,FAC013,2026-03-01,Amoxicillin,107,77,89,95,0,0,Adequate
STK0000595,FAC013,2026-04-01,Amlodipine,258,152,210,200,0,0,Adequate
STK0000596,FAC013,2026-04-01,Metformin,102,92,143,51,0,0,Adequate
STK0000597,FAC013,2026-04-01,Paracetamol,295,156,390,61,0,0,Adequate
STK0000598,FAC013,2026-04-01,Cetirizine,214,177,213,178,0,0,Adequate
STK0000599,FAC013,2026-04-01,Pantoprazole,114,62,0,176,0,0,Adequate
STK0000600,FAC013,2026-04-01,Amoxicillin,157,159,230,86,0,0,Adequate
STK0000601,FAC013,2026-05-01,Amlodipine,124,151,246,29,0,0,Low stock
STK0000602,FAC013,2026-05-01,Metformin,264,188,322,130,0,0,Adequate
STK0000603,FAC013,2026-05-01,Paracetamol,211,41,79,173,0,0,Adequate
STK0000604,FAC013,2026-05-01,Cetirizine,195,168,236,127,0,0,Adequate
STK0000605,FAC013,2026-05-01,Pantoprazole,212,59,99,172,0,0,Adequate
STK0000606,FAC013,2026-05-01,Amoxicillin,209,172,255,126,0,0,Adequate
STK0000607,FAC013,2026-06-01,Amlodipine,120,98,146,0,1,4,Reorder raised
STK0000608,FAC013,2026-06-01,Metformin,217,80,243,54,0,0,Adequate
STK0000609,FAC013,2026-06-01,Paracetamol,183,184,218,149,0,0,Adequate
STK0000610,FAC013,2026-06-01,Cetirizine,146,112,142,116,0,0,Adequate
STK0000611,FAC013,2026-06-01,Pantoprazole,89,89,27,151,0,0,Adequate
STK0000612,FAC013,2026-06-01,Amoxicillin,172,64,200,36,0,0,Adequate
STK0000613,FAC013,2026-07-01,Amlodipine,233,130,237,126,0,0,Adequate
STK0000614,FAC013,2026-07-01,Metformin,163,98,203,58,0,0,Adequate
STK0000615,FAC013,2026-07-01,Paracetamol,263,43,163,143,0,0,Adequate
STK0000616,FAC013,2026-07-01,Cetirizine,89,125,139,75,0,0,Adequate
STK0000617,FAC013,2026-07-01,Pantoprazole,228,136,336,28,0,0,Low stock
STK0000618,FAC013,2026-07-01,Amoxicillin,192,42,37,197,0,0,Adequate
STK0000619,FAC013,2026-08-01,Amlodipine,173,48,176,45,0,0,Adequate
STK0000620,FAC013,2026-08-01,Metformin,136,181,235,82,0,0,Adequate
STK0000621,FAC013,2026-08-01,Paracetamol,204,175,345,34,0,0,Adequate
STK0000622,FAC013,2026-08-01,Cetirizine,219,196,362,53,0,0,Adequate
STK0000623,FAC013,2026-08-01,Pantoprazole,93,141,134,100,0,0,Adequate
STK0000624,FAC013,2026-08-01,Amoxicillin,291,94,228,157,0,0,Adequate
STK0000625,FAC014,2026-01-01,Amlodipine,262,95,149,208,0,0,Adequate
STK0000626,FAC014,2026-01-01,Metformin,91,199,208,82,0,0,Adequate
STK0000627,FAC014,2026-01-01,Paracetamol,217,132,147,202,0,0,Adequate
STK0000628,FAC014,2026-01-01,Cetirizine,244,124,170,198,0,0,Adequate
STK0000629,FAC014,2026-01-01,Pantoprazole,179,156,128,207,0,0,Adequate
STK0000630,FAC014,2026-01-01,Amoxicillin,208,157,155,210,0,0,Adequate
STK0000631,FAC014,2026-02-01,Amlodipine,169,148,222,95,0,0,Adequate
STK0000632,FAC014,2026-02-01,Metformin,289,74,184,179,0,0,Adequate
STK0000633,FAC014,2026-02-01,Paracetamol,170,72,126,116,0,0,Adequate
STK0000634,FAC014,2026-02-01,Cetirizine,120,137,82,175,0,0,Adequate
STK0000635,FAC014,2026-02-01,Pantoprazole,248,147,274,121,0,0,Adequate
STK0000636,FAC014,2026-02-01,Amoxicillin,199,58,77,180,0,0,Adequate
STK0000637,FAC014,2026-03-01,Amlodipine,163,94,67,190,0,0,Adequate
STK0000638,FAC014,2026-03-01,Metformin,193,93,98,188,0,0,Adequate
STK0000639,FAC014,2026-03-01,Paracetamol,253,128,344,37,0,0,Adequate
STK0000640,FAC014,2026-03-01,Cetirizine,116,157,191,82,0,0,Adequate
STK0000641,FAC014,2026-03-01,Pantoprazole,166,216,219,163,0,0,Adequate
STK0000642,FAC014,2026-03-01,Amoxicillin,98,194,172,120,0,0,Adequate
STK0000643,FAC014,2026-04-01,Amlodipine,239,156,311,84,0,0,Adequate
STK0000644,FAC014,2026-04-01,Metformin,223,48,138,133,0,0,Adequate
STK0000645,FAC014,2026-04-01,Paracetamol,262,211,301,172,0,0,Adequate
STK0000646,FAC014,2026-04-01,Cetirizine,176,64,93,147,0,0,Adequate
STK0000647,FAC014,2026-04-01,Pantoprazole,92,97,65,124,0,0,Adequate
STK0000648,FAC014,2026-04-01,Amoxicillin,255,100,238,117,0,0,Adequate
STK0000649,FAC014,2026-05-01,Amlodipine,92,214,220,86,0,0,Adequate
STK0000650,FAC014,2026-05-01,Metformin,299,193,420,72,0,0,Adequate
STK0000651,FAC014,2026-05-01,Paracetamol,261,66,202,125,0,0,Adequate
STK0000652,FAC014,2026-05-01,Cetirizine,212,113,135,190,0,0,Adequate
STK0000653,FAC014,2026-05-01,Pantoprazole,118,108,102,124,0,0,Adequate
STK0000654,FAC014,2026-05-01,Amoxicillin,191,67,41,0,1,4,Reorder raised
STK0000655,FAC014,2026-06-01,Amlodipine,172,42,28,186,0,0,Adequate
STK0000656,FAC014,2026-06-01,Metformin,142,120,121,141,0,0,Adequate
STK0000657,FAC014,2026-06-01,Paracetamol,219,124,153,190,0,0,Adequate
STK0000658,FAC014,2026-06-01,Cetirizine,198,114,257,55,0,0,Adequate
STK0000659,FAC014,2026-06-01,Pantoprazole,103,178,108,173,0,0,Adequate
STK0000660,FAC014,2026-06-01,Amoxicillin,176,107,141,142,0,0,Adequate
STK0000661,FAC014,2026-07-01,Amlodipine,184,192,181,0,1,5,Reorder raised
STK0000662,FAC014,2026-07-01,Metformin,135,182,117,200,0,0,Adequate
STK0000663,FAC014,2026-07-01,Paracetamol,171,164,246,89,0,0,Adequate
STK0000664,FAC014,2026-07-01,Cetirizine,204,109,124,189,0,0,Adequate
STK0000665,FAC014,2026-07-01,Pantoprazole,122,53,0,175,0,0,Adequate
STK0000666,FAC014,2026-07-01,Amoxicillin,196,191,245,142,0,0,Adequate
STK0000667,FAC014,2026-08-01,Amlodipine,185,60,78,167,0,0,Adequate
STK0000668,FAC014,2026-08-01,Metformin,218,198,340,76,0,0,Adequate
STK0000669,FAC014,2026-08-01,Paracetamol,263,190,292,161,0,0,Adequate
STK0000670,FAC014,2026-08-01,Cetirizine,165,142,194,113,0,0,Adequate
STK0000671,FAC014,2026-08-01,Pantoprazole,140,191,245,86,0,0,Adequate
STK0000672,FAC014,2026-08-01,Amoxicillin,111,68,0,179,0,0,Adequate
STK0000673,FAC015,2026-01-01,Amlodipine,158,91,156,93,0,0,Adequate
STK0000674,FAC015,2026-01-01,Metformin,291,209,318,0,1,9,Reorder raised
STK0000675,FAC015,2026-01-01,Paracetamol,124,150,195,79,0,0,Adequate
STK0000676,FAC015,2026-01-01,Cetirizine,154,169,124,199,0,0,Adequate
STK0000677,FAC015,2026-01-01,Pantoprazole,191,73,140,124,0,0,Adequate
STK0000678,FAC015,2026-01-01,Amoxicillin,243,108,152,199,0,0,Adequate
STK0000679,FAC015,2026-02-01,Amlodipine,227,209,397,39,0,0,Adequate
STK0000680,FAC015,2026-02-01,Metformin,250,57,144,163,0,0,Adequate
STK0000681,FAC015,2026-02-01,Paracetamol,262,158,398,22,0,0,Low stock
STK0000682,FAC015,2026-02-01,Cetirizine,80,66,78,68,0,0,Adequate
STK0000683,FAC015,2026-02-01,Pantoprazole,215,131,134,212,0,0,Adequate
STK0000684,FAC015,2026-02-01,Amoxicillin,123,196,181,138,0,0,Adequate
STK0000685,FAC015,2026-03-01,Amlodipine,81,168,182,67,0,0,Adequate
STK0000686,FAC015,2026-03-01,Metformin,287,218,405,100,0,0,Adequate
STK0000687,FAC015,2026-03-01,Paracetamol,293,205,278,220,0,0,Adequate
STK0000688,FAC015,2026-03-01,Cetirizine,131,101,207,25,0,0,Low stock
STK0000689,FAC015,2026-03-01,Pantoprazole,272,53,266,59,0,0,Adequate
STK0000690,FAC015,2026-03-01,Amoxicillin,171,160,294,37,0,0,Adequate
STK0000691,FAC015,2026-04-01,Amlodipine,161,168,125,204,0,0,Adequate
STK0000692,FAC015,2026-04-01,Metformin,125,66,44,147,0,0,Adequate
STK0000693,FAC015,2026-04-01,Paracetamol,270,130,245,155,0,0,Adequate
STK0000694,FAC015,2026-04-01,Cetirizine,250,56,217,89,0,0,Adequate
STK0000695,FAC015,2026-04-01,Pantoprazole,85,163,153,95,0,0,Adequate
STK0000696,FAC015,2026-04-01,Amoxicillin,201,63,152,112,0,0,Adequate
STK0000697,FAC015,2026-05-01,Amlodipine,292,60,235,117,0,0,Adequate
STK0000698,FAC015,2026-05-01,Metformin,110,184,270,24,0,0,Low stock
STK0000699,FAC015,2026-05-01,Paracetamol,171,94,199,66,0,0,Adequate
STK0000700,FAC015,2026-05-01,Cetirizine,238,126,274,90,0,0,Adequate
STK0000701,FAC015,2026-05-01,Pantoprazole,83,192,162,113,0,0,Adequate
STK0000702,FAC015,2026-05-01,Amoxicillin,108,211,99,220,0,0,Adequate
STK0000703,FAC015,2026-06-01,Amlodipine,196,135,278,53,0,0,Adequate
STK0000704,FAC015,2026-06-01,Metformin,273,212,306,179,0,0,Adequate
STK0000705,FAC015,2026-06-01,Paracetamol,229,106,186,149,0,0,Adequate
STK0000706,FAC015,2026-06-01,Cetirizine,113,149,147,115,0,0,Adequate
STK0000707,FAC015,2026-06-01,Pantoprazole,179,124,90,213,0,0,Adequate
STK0000708,FAC015,2026-06-01,Amoxicillin,233,78,247,64,0,0,Adequate
STK0000709,FAC015,2026-07-01,Amlodipine,184,113,127,170,0,0,Adequate
STK0000710,FAC015,2026-07-01,Metformin,175,49,125,99,0,0,Adequate
STK0000711,FAC015,2026-07-01,Paracetamol,278,195,291,182,0,0,Adequate
STK0000712,FAC015,2026-07-01,Cetirizine,111,108,171,48,0,0,Adequate
STK0000713,FAC015,2026-07-01,Pantoprazole,119,109,125,103,0,0,Adequate
STK0000714,FAC015,2026-07-01,Amoxicillin,264,103,284,83,0,0,Adequate
STK0000715,FAC015,2026-08-01,Amlodipine,235,52,142,145,0,0,Adequate
STK0000716,FAC015,2026-08-01,Metformin,156,131,197,90,0,0,Adequate
STK0000717,FAC015,2026-08-01,Paracetamol,297,75,302,70,0,0,Adequate
STK0000718,FAC015,2026-08-01,Cetirizine,99,55,65,89,0,0,Adequate
STK0000719,FAC015,2026-08-01,Pantoprazole,98,181,90,189,0,0,Adequate
STK0000720,FAC015,2026-08-01,Amoxicillin,165,95,230,30,0,0,Adequate
STK0000721,FAC016,2026-01-01,Amlodipine,285,163,346,102,0,0,Adequate
STK0000722,FAC016,2026-01-01,Metformin,156,127,192,91,0,0,Adequate
STK0000723,FAC016,2026-01-01,Paracetamol,210,165,275,100,0,0,Adequate
STK0000724,FAC016,2026-01-01,Cetirizine,109,216,204,121,0,0,Adequate
STK0000725,FAC016,2026-01-01,Pantoprazole,190,51,204,37,0,0,Adequate
STK0000726,FAC016,2026-01-01,Amoxicillin,213,59,115,157,0,0,Adequate
STK0000727,FAC016,2026-02-01,Amlodipine,275,64,291,48,0,0,Adequate
STK0000728,FAC016,2026-02-01,Metformin,245,160,305,0,1,6,Reorder raised
STK0000729,FAC016,2026-02-01,Paracetamol,91,71,0,162,0,0,Adequate
STK0000730,FAC016,2026-02-01,Cetirizine,114,67,39,142,0,0,Adequate
STK0000731,FAC016,2026-02-01,Pantoprazole,87,180,124,143,0,0,Adequate
STK0000732,FAC016,2026-02-01,Amoxicillin,109,209,238,80,0,0,Adequate
STK0000733,FAC016,2026-03-01,Amlodipine,268,112,172,208,0,0,Adequate
STK0000734,FAC016,2026-03-01,Metformin,125,123,170,78,0,0,Adequate
STK0000735,FAC016,2026-03-01,Paracetamol,255,156,373,38,0,0,Adequate
STK0000736,FAC016,2026-03-01,Cetirizine,135,81,164,52,0,0,Adequate
STK0000737,FAC016,2026-03-01,Pantoprazole,216,46,158,104,0,0,Adequate
STK0000738,FAC016,2026-03-01,Amoxicillin,231,152,298,85,0,0,Adequate
STK0000739,FAC016,2026-04-01,Amlodipine,144,146,118,172,0,0,Adequate
STK0000740,FAC016,2026-04-01,Metformin,163,71,58,176,0,0,Adequate
STK0000741,FAC016,2026-04-01,Paracetamol,116,58,103,71,0,0,Adequate
STK0000742,FAC016,2026-04-01,Cetirizine,150,141,71,220,0,0,Adequate
STK0000743,FAC016,2026-04-01,Pantoprazole,153,104,95,162,0,0,Adequate
STK0000744,FAC016,2026-04-01,Amoxicillin,222,47,111,0,1,4,Reorder raised
STK0000745,FAC016,2026-05-01,Amlodipine,126,123,232,17,0,0,Low stock
STK0000746,FAC016,2026-05-01,Metformin,161,161,210,112,0,0,Adequate
STK0000747,FAC016,2026-05-01,Paracetamol,267,197,314,150,0,0,Adequate
STK0000748,FAC016,2026-05-01,Cetirizine,111,57,0,168,0,0,Adequate
STK0000749,FAC016,2026-05-01,Pantoprazole,288,118,215,191,0,0,Adequate
STK0000750,FAC016,2026-05-01,Amoxicillin,204,79,164,119,0,0,Adequate
STK0000751,FAC016,2026-06-01,Amlodipine,142,110,49,203,0,0,Adequate
STK0000752,FAC016,2026-06-01,Metformin,88,150,19,219,0,0,Adequate
STK0000753,FAC016,2026-06-01,Paracetamol,155,88,203,40,0,0,Adequate
STK0000754,FAC016,2026-06-01,Cetirizine,210,107,129,188,0,0,Adequate
STK0000755,FAC016,2026-06-01,Pantoprazole,285,59,283,61,0,0,Adequate
STK0000756,FAC016,2026-06-01,Amoxicillin,145,52,71,126,0,0,Adequate
STK0000757,FAC016,2026-07-01,Amlodipine,280,91,349,22,0,0,Low stock
STK0000758,FAC016,2026-07-01,Metformin,98,153,89,162,0,0,Adequate
STK0000759,FAC016,2026-07-01,Paracetamol,97,196,101,192,0,0,Adequate
STK0000760,FAC016,2026-07-01,Cetirizine,188,208,371,25,0,0,Low stock
STK0000761,FAC016,2026-07-01,Pantoprazole,212,61,141,132,0,0,Adequate
STK0000762,FAC016,2026-07-01,Amoxicillin,286,41,243,84,0,0,Adequate
STK0000763,FAC016,2026-08-01,Amlodipine,99,201,133,167,0,0,Adequate
STK0000764,FAC016,2026-08-01,Metformin,280,122,346,56,0,0,Adequate
STK0000765,FAC016,2026-08-01,Paracetamol,247,74,158,163,0,0,Adequate
STK0000766,FAC016,2026-08-01,Cetirizine,195,81,76,200,0,0,Adequate
STK0000767,FAC016,2026-08-01,Pantoprazole,168,49,174,43,0,0,Adequate
STK0000768,FAC016,2026-08-01,Amoxicillin,214,220,414,20,0,0,Low stock
STK0000769,FAC017,2026-01-01,Amlodipine,225,68,186,107,0,0,Adequate
STK0000770,FAC017,2026-01-01,Metformin,159,96,107,148,0,0,Adequate
STK0000771,FAC017,2026-01-01,Paracetamol,240,71,171,140,0,0,Adequate
STK0000772,FAC017,2026-01-01,Cetirizine,213,104,253,64,0,0,Adequate
STK0000773,FAC017,2026-01-01,Pantoprazole,241,203,421,23,0,0,Low stock
STK0000774,FAC017,2026-01-01,Amoxicillin,243,61,134,170,0,0,Adequate
STK0000775,FAC017,2026-02-01,Amlodipine,89,40,0,129,0,0,Adequate
STK0000776,FAC017,2026-02-01,Metformin,142,79,70,151,0,0,Adequate
STK0000777,FAC017,2026-02-01,Paracetamol,142,92,135,99,0,0,Adequate
STK0000778,FAC017,2026-02-01,Cetirizine,148,197,327,18,0,0,Low stock
STK0000779,FAC017,2026-02-01,Pantoprazole,227,51,204,74,0,0,Adequate
STK0000780,FAC017,2026-02-01,Amoxicillin,220,54,189,85,0,0,Adequate
STK0000781,FAC017,2026-03-01,Amlodipine,192,173,309,56,0,0,Adequate
STK0000782,FAC017,2026-03-01,Metformin,100,78,144,34,0,0,Adequate
STK0000783,FAC017,2026-03-01,Paracetamol,264,213,440,37,0,0,Adequate
STK0000784,FAC017,2026-03-01,Cetirizine,94,108,22,180,0,0,Adequate
STK0000785,FAC017,2026-03-01,Pantoprazole,160,169,153,176,0,0,Adequate
STK0000786,FAC017,2026-03-01,Amoxicillin,102,87,112,77,0,0,Adequate
STK0000787,FAC017,2026-04-01,Amlodipine,241,98,126,213,0,0,Adequate
STK0000788,FAC017,2026-04-01,Metformin,105,137,197,45,0,0,Adequate
STK0000789,FAC017,2026-04-01,Paracetamol,121,57,0,178,0,0,Adequate
STK0000790,FAC017,2026-04-01,Cetirizine,236,183,202,217,0,0,Adequate
STK0000791,FAC017,2026-04-01,Pantoprazole,146,53,109,90,0,0,Adequate
STK0000792,FAC017,2026-04-01,Amoxicillin,166,159,205,120,0,0,Adequate
STK0000793,FAC017,2026-05-01,Amlodipine,293,86,284,95,0,0,Adequate
STK0000794,FAC017,2026-05-01,Metformin,167,139,170,136,0,0,Adequate
STK0000795,FAC017,2026-05-01,Paracetamol,187,84,124,147,0,0,Adequate
STK0000796,FAC017,2026-05-01,Cetirizine,110,131,110,131,0,0,Adequate
STK0000797,FAC017,2026-05-01,Pantoprazole,212,44,194,62,0,0,Adequate
STK0000798,FAC017,2026-05-01,Amoxicillin,296,119,203,212,0,0,Adequate
STK0000799,FAC017,2026-06-01,Amlodipine,105,209,245,69,0,0,Adequate
STK0000800,FAC017,2026-06-01,Metformin,216,48,210,54,0,0,Adequate
STK0000801,FAC017,2026-06-01,Paracetamol,158,112,132,138,0,0,Adequate
STK0000802,FAC017,2026-06-01,Cetirizine,211,181,348,44,0,0,Adequate
STK0000803,FAC017,2026-06-01,Pantoprazole,223,176,362,37,0,0,Adequate
STK0000804,FAC017,2026-06-01,Amoxicillin,217,95,153,159,0,0,Adequate
STK0000805,FAC017,2026-07-01,Amlodipine,140,46,14,172,0,0,Adequate
STK0000806,FAC017,2026-07-01,Metformin,208,96,229,75,0,0,Adequate
STK0000807,FAC017,2026-07-01,Paracetamol,159,124,201,82,0,0,Adequate
STK0000808,FAC017,2026-07-01,Cetirizine,273,135,284,124,0,0,Adequate
STK0000809,FAC017,2026-07-01,Pantoprazole,143,66,70,139,0,0,Adequate
STK0000810,FAC017,2026-07-01,Amoxicillin,160,154,189,125,0,0,Adequate
STK0000811,FAC017,2026-08-01,Amlodipine,128,129,240,17,0,0,Low stock
STK0000812,FAC017,2026-08-01,Metformin,254,128,173,209,0,0,Adequate
STK0000813,FAC017,2026-08-01,Paracetamol,176,83,153,106,0,0,Adequate
STK0000814,FAC017,2026-08-01,Cetirizine,216,171,331,56,0,0,Adequate
STK0000815,FAC017,2026-08-01,Pantoprazole,164,110,118,156,0,0,Adequate
STK0000816,FAC017,2026-08-01,Amoxicillin,295,109,240,164,0,0,Adequate
STK0000817,FAC018,2026-01-01,Amlodipine,199,123,180,142,0,0,Adequate
STK0000818,FAC018,2026-01-01,Metformin,83,190,167,106,0,0,Adequate
STK0000819,FAC018,2026-01-01,Paracetamol,182,140,144,178,0,0,Adequate
STK0000820,FAC018,2026-01-01,Cetirizine,199,46,221,0,1,8,Reorder raised
STK0000821,FAC018,2026-01-01,Pantoprazole,116,128,26,218,0,0,Adequate
STK0000822,FAC018,2026-01-01,Amoxicillin,186,182,340,28,0,0,Low stock
STK0000823,FAC018,2026-02-01,Amlodipine,279,100,350,29,0,0,Low stock
STK0000824,FAC018,2026-02-01,Metformin,273,80,278,75,0,0,Adequate
STK0000825,FAC018,2026-02-01,Paracetamol,284,74,321,37,0,0,Adequate
STK0000826,FAC018,2026-02-01,Cetirizine,103,188,212,79,0,0,Adequate
STK0000827,FAC018,2026-02-01,Pantoprazole,254,71,159,166,0,0,Adequate
STK0000828,FAC018,2026-02-01,Amoxicillin,84,165,154,95,0,0,Adequate
STK0000829,FAC018,2026-03-01,Amlodipine,130,102,98,134,0,0,Adequate
STK0000830,FAC018,2026-03-01,Metformin,225,182,220,187,0,0,Adequate
STK0000831,FAC018,2026-03-01,Paracetamol,149,159,265,43,0,0,Adequate
STK0000832,FAC018,2026-03-01,Cetirizine,212,130,309,33,0,0,Adequate
STK0000833,FAC018,2026-03-01,Pantoprazole,102,51,0,0,1,3,Reorder raised
STK0000834,FAC018,2026-03-01,Amoxicillin,202,42,146,98,0,0,Adequate
STK0000835,FAC018,2026-04-01,Amlodipine,279,180,406,53,0,0,Adequate
STK0000836,FAC018,2026-04-01,Metformin,251,215,282,184,0,0,Adequate
STK0000837,FAC018,2026-04-01,Paracetamol,258,59,178,139,0,0,Adequate
STK0000838,FAC018,2026-04-01,Cetirizine,209,121,279,51,0,0,Adequate
STK0000839,FAC018,2026-04-01,Pantoprazole,247,125,223,149,0,0,Adequate
STK0000840,FAC018,2026-04-01,Amoxicillin,259,54,213,100,0,0,Adequate
STK0000841,FAC018,2026-05-01,Amlodipine,169,204,247,126,0,0,Adequate
STK0000842,FAC018,2026-05-01,Metformin,196,49,94,151,0,0,Adequate
STK0000843,FAC018,2026-05-01,Paracetamol,167,122,220,69,0,0,Adequate
STK0000844,FAC018,2026-05-01,Cetirizine,290,80,198,172,0,0,Adequate
STK0000845,FAC018,2026-05-01,Pantoprazole,277,119,282,114,0,0,Adequate
STK0000846,FAC018,2026-05-01,Amoxicillin,153,91,80,164,0,0,Adequate
STK0000847,FAC018,2026-06-01,Amlodipine,81,190,234,0,1,6,Reorder raised
STK0000848,FAC018,2026-06-01,Metformin,177,124,248,53,0,0,Adequate
STK0000849,FAC018,2026-06-01,Paracetamol,199,53,198,54,0,0,Adequate
STK0000850,FAC018,2026-06-01,Cetirizine,138,51,66,123,0,0,Adequate
STK0000851,FAC018,2026-06-01,Pantoprazole,179,81,205,55,0,0,Adequate
STK0000852,FAC018,2026-06-01,Amoxicillin,200,45,77,168,0,0,Adequate
STK0000853,FAC018,2026-07-01,Amlodipine,241,159,272,128,0,0,Adequate
STK0000854,FAC018,2026-07-01,Metformin,107,77,0,184,0,0,Adequate
STK0000855,FAC018,2026-07-01,Paracetamol,203,202,187,218,0,0,Adequate
STK0000856,FAC018,2026-07-01,Cetirizine,170,157,310,17,0,0,Low stock
STK0000857,FAC018,2026-07-01,Pantoprazole,178,177,314,41,0,0,Adequate
STK0000858,FAC018,2026-07-01,Amoxicillin,202,50,198,54,0,0,Adequate
STK0000859,FAC018,2026-08-01,Amlodipine,249,86,245,90,0,0,Adequate
STK0000860,FAC018,2026-08-01,Metformin,169,65,31,203,0,0,Adequate
STK0000861,FAC018,2026-08-01,Paracetamol,124,218,268,74,0,0,Adequate
STK0000862,FAC018,2026-08-01,Cetirizine,195,219,233,181,0,0,Adequate
STK0000863,FAC018,2026-08-01,Pantoprazole,155,210,299,66,0,0,Adequate
STK0000864,FAC018,2026-08-01,Amoxicillin,106,71,0,177,0,0,Adequate
STK0000865,FAC019,2026-01-01,Amlodipine,134,164,273,25,0,0,Low stock
STK0000866,FAC019,2026-01-01,Metformin,268,202,317,153,0,0,Adequate
STK0000867,FAC019,2026-01-01,Paracetamol,178,52,158,72,0,0,Adequate
STK0000868,FAC019,2026-01-01,Cetirizine,105,128,167,66,0,0,Adequate
STK0000869,FAC019,2026-01-01,Pantoprazole,208,58,192,74,0,0,Adequate
STK0000870,FAC019,2026-01-01,Amoxicillin,235,84,119,200,0,0,Adequate
STK0000871,FAC019,2026-02-01,Amlodipine,282,167,423,26,0,0,Low stock
STK0000872,FAC019,2026-02-01,Metformin,130,148,190,88,0,0,Adequate
STK0000873,FAC019,2026-02-01,Paracetamol,114,154,173,95,0,0,Adequate
STK0000874,FAC019,2026-02-01,Cetirizine,264,177,325,116,0,0,Adequate
STK0000875,FAC019,2026-02-01,Pantoprazole,163,199,312,50,0,0,Adequate
STK0000876,FAC019,2026-02-01,Amoxicillin,263,206,335,134,0,0,Adequate
STK0000877,FAC019,2026-03-01,Amlodipine,260,85,205,140,0,0,Adequate
STK0000878,FAC019,2026-03-01,Metformin,192,135,153,174,0,0,Adequate
STK0000879,FAC019,2026-03-01,Paracetamol,165,121,145,141,0,0,Adequate
STK0000880,FAC019,2026-03-01,Cetirizine,156,212,176,192,0,0,Adequate
STK0000881,FAC019,2026-03-01,Pantoprazole,289,46,220,115,0,0,Adequate
STK0000882,FAC019,2026-03-01,Amoxicillin,164,52,165,51,0,0,Adequate
STK0000883,FAC019,2026-04-01,Amlodipine,142,51,0,193,0,0,Adequate
STK0000884,FAC019,2026-04-01,Metformin,248,108,237,119,0,0,Adequate
STK0000885,FAC019,2026-04-01,Paracetamol,113,43,30,126,0,0,Adequate
STK0000886,FAC019,2026-04-01,Cetirizine,229,143,317,55,0,0,Adequate
STK0000887,FAC019,2026-04-01,Pantoprazole,290,116,314,92,0,0,Adequate
STK0000888,FAC019,2026-04-01,Amoxicillin,168,172,317,23,0,0,Low stock
STK0000889,FAC019,2026-05-01,Amlodipine,127,142,195,74,0,0,Adequate
STK0000890,FAC019,2026-05-01,Metformin,230,175,346,59,0,0,Adequate
STK0000891,FAC019,2026-05-01,Paracetamol,205,171,239,0,1,8,Reorder raised
STK0000892,FAC019,2026-05-01,Cetirizine,267,67,191,143,0,0,Adequate
STK0000893,FAC019,2026-05-01,Pantoprazole,154,214,343,0,1,3,Reorder raised
STK0000894,FAC019,2026-05-01,Amoxicillin,132,106,143,95,0,0,Adequate
STK0000895,FAC019,2026-06-01,Amlodipine,250,88,316,22,0,0,Low stock
STK0000896,FAC019,2026-06-01,Metformin,282,131,312,101,0,0,Adequate
STK0000897,FAC019,2026-06-01,Paracetamol,130,179,137,172,0,0,Adequate
STK0000898,FAC019,2026-06-01,Cetirizine,163,106,96,173,0,0,Adequate
STK0000899,FAC019,2026-06-01,Pantoprazole,163,136,114,185,0,0,Adequate
STK0000900,FAC019,2026-06-01,Amoxicillin,185,139,281,43,0,0,Adequate
STK0000901,FAC019,2026-07-01,Amlodipine,229,48,156,121,0,0,Adequate
STK0000902,FAC019,2026-07-01,Metformin,200,129,118,211,0,0,Adequate
STK0000903,FAC019,2026-07-01,Paracetamol,296,176,398,74,0,0,Adequate
STK0000904,FAC019,2026-07-01,Cetirizine,122,94,43,173,0,0,Adequate
STK0000905,FAC019,2026-07-01,Pantoprazole,244,138,360,22,0,0,Low stock
STK0000906,FAC019,2026-07-01,Amoxicillin,195,158,258,95,0,0,Adequate
STK0000907,FAC019,2026-08-01,Amlodipine,97,215,211,101,0,0,Adequate
STK0000908,FAC019,2026-08-01,Metformin,264,207,371,0,1,3,Reorder raised
STK0000909,FAC019,2026-08-01,Paracetamol,241,76,111,206,0,0,Adequate
STK0000910,FAC019,2026-08-01,Cetirizine,151,148,223,76,0,0,Adequate
STK0000911,FAC019,2026-08-01,Pantoprazole,249,200,382,67,0,0,Adequate
STK0000912,FAC019,2026-08-01,Amoxicillin,273,144,292,125,0,0,Adequate
STK0000913,FAC020,2026-01-01,Amlodipine,274,91,157,208,0,0,Adequate
STK0000914,FAC020,2026-01-01,Metformin,84,155,188,51,0,0,Adequate
STK0000915,FAC020,2026-01-01,Paracetamol,285,44,122,207,0,0,Adequate
STK0000916,FAC020,2026-01-01,Cetirizine,154,158,180,132,0,0,Adequate
STK0000917,FAC020,2026-01-01,Pantoprazole,92,90,101,81,0,0,Adequate
STK0000918,FAC020,2026-01-01,Amoxicillin,150,50,147,53,0,0,Adequate
STK0000919,FAC020,2026-02-01,Amlodipine,129,131,213,47,0,0,Adequate
STK0000920,FAC020,2026-02-01,Metformin,113,128,117,124,0,0,Adequate
STK0000921,FAC020,2026-02-01,Paracetamol,124,193,230,87,0,0,Adequate
STK0000922,FAC020,2026-02-01,Cetirizine,211,198,309,100,0,0,Adequate
STK0000923,FAC020,2026-02-01,Pantoprazole,254,204,297,161,0,0,Adequate
STK0000924,FAC020,2026-02-01,Amoxicillin,278,89,261,0,1,5,Reorder raised
STK0000925,FAC020,2026-03-01,Amlodipine,208,69,103,174,0,0,Adequate
STK0000926,FAC020,2026-03-01,Metformin,128,187,294,21,0,0,Low stock
STK0000927,FAC020,2026-03-01,Paracetamol,96,79,134,41,0,0,Adequate
STK0000928,FAC020,2026-03-01,Cetirizine,156,138,109,185,0,0,Adequate
STK0000929,FAC020,2026-03-01,Pantoprazole,259,202,266,195,0,0,Adequate
STK0000930,FAC020,2026-03-01,Amoxicillin,180,96,121,155,0,0,Adequate
STK0000931,FAC020,2026-04-01,Amlodipine,300,179,422,57,0,0,Adequate
STK0000932,FAC020,2026-04-01,Metformin,227,194,330,91,0,0,Adequate
STK0000933,FAC020,2026-04-01,Paracetamol,175,56,175,56,0,0,Adequate
STK0000934,FAC020,2026-04-01,Cetirizine,106,159,169,96,0,0,Adequate
STK0000935,FAC020,2026-04-01,Pantoprazole,202,166,198,170,0,0,Adequate
STK0000936,FAC020,2026-04-01,Amoxicillin,200,132,268,64,0,0,Adequate
STK0000937,FAC020,2026-05-01,Amlodipine,153,124,76,0,1,3,Reorder raised
STK0000938,FAC020,2026-05-01,Metformin,261,76,124,213,0,0,Adequate
STK0000939,FAC020,2026-05-01,Paracetamol,233,208,285,156,0,0,Adequate
STK0000940,FAC020,2026-05-01,Cetirizine,247,186,364,69,0,0,Adequate
STK0000941,FAC020,2026-05-01,Pantoprazole,152,129,260,21,0,0,Low stock
STK0000942,FAC020,2026-05-01,Amoxicillin,243,177,211,209,0,0,Adequate
STK0000943,FAC020,2026-06-01,Amlodipine,235,51,184,102,0,0,Adequate
STK0000944,FAC020,2026-06-01,Metformin,227,146,209,164,0,0,Adequate
STK0000945,FAC020,2026-06-01,Paracetamol,175,198,235,138,0,0,Adequate
STK0000946,FAC020,2026-06-01,Cetirizine,139,66,55,150,0,0,Adequate
STK0000947,FAC020,2026-06-01,Pantoprazole,251,159,395,15,0,0,Low stock
STK0000948,FAC020,2026-06-01,Amoxicillin,229,85,260,54,0,0,Adequate
STK0000949,FAC020,2026-07-01,Amlodipine,235,150,165,220,0,0,Adequate
STK0000950,FAC020,2026-07-01,Metformin,212,171,367,16,0,0,Low stock
STK0000951,FAC020,2026-07-01,Paracetamol,118,153,82,189,0,0,Adequate
STK0000952,FAC020,2026-07-01,Cetirizine,128,129,65,192,0,0,Adequate
STK0000953,FAC020,2026-07-01,Pantoprazole,106,110,188,28,0,0,Low stock
STK0000954,FAC020,2026-07-01,Amoxicillin,120,130,140,110,0,0,Adequate
STK0000955,FAC020,2026-08-01,Amlodipine,100,135,98,137,0,0,Adequate
STK0000956,FAC020,2026-08-01,Metformin,227,142,305,64,0,0,Adequate
STK0000957,FAC020,2026-08-01,Paracetamol,261,58,153,166,0,0,Adequate
STK0000958,FAC020,2026-08-01,Cetirizine,263,95,209,149,0,0,Adequate
STK0000959,FAC020,2026-08-01,Pantoprazole,143,195,291,47,0,0,Adequate
STK0000960,FAC020,2026-08-01,Amoxicillin,250,68,133,185,0,0,Adequate
STK0000961,FAC021,2026-01-01,Amlodipine,245,195,311,129,0,0,Adequate
STK0000962,FAC021,2026-01-01,Metformin,132,59,92,99,0,0,Adequate
STK0000963,FAC021,2026-01-01,Paracetamol,291,70,299,62,0,0,Adequate
STK0000964,FAC021,2026-01-01,Cetirizine,195,85,207,73,0,0,Adequate
STK0000965,FAC021,2026-01-01,Pantoprazole,80,113,148,45,0,0,Adequate
STK0000966,FAC021,2026-01-01,Amoxicillin,226,159,276,109,0,0,Adequate
STK0000967,FAC021,2026-02-01,Amlodipine,236,113,297,52,0,0,Adequate
STK0000968,FAC021,2026-02-01,Metformin,272,197,386,83,0,0,Adequate
STK0000969,FAC021,2026-02-01,Paracetamol,208,192,189,211,0,0,Adequate
STK0000970,FAC021,2026-02-01,Cetirizine,193,45,112,126,0,0,Adequate
STK0000971,FAC021,2026-02-01,Pantoprazole,165,80,152,93,0,0,Adequate
STK0000972,FAC021,2026-02-01,Amoxicillin,241,181,275,147,0,0,Adequate
STK0000973,FAC021,2026-03-01,Amlodipine,88,143,76,0,1,11,Reorder raised
STK0000974,FAC021,2026-03-01,Metformin,100,141,143,98,0,0,Adequate
STK0000975,FAC021,2026-03-01,Paracetamol,103,167,137,133,0,0,Adequate
STK0000976,FAC021,2026-03-01,Cetirizine,226,63,198,91,0,0,Adequate
STK0000977,FAC021,2026-03-01,Pantoprazole,189,136,300,25,0,0,Low stock
STK0000978,FAC021,2026-03-01,Amoxicillin,207,158,300,65,0,0,Adequate
STK0000979,FAC021,2026-04-01,Amlodipine,206,154,270,90,0,0,Adequate
STK0000980,FAC021,2026-04-01,Metformin,161,71,191,41,0,0,Adequate
STK0000981,FAC021,2026-04-01,Paracetamol,143,125,124,144,0,0,Adequate
STK0000982,FAC021,2026-04-01,Cetirizine,172,117,117,172,0,0,Adequate
STK0000983,FAC021,2026-04-01,Pantoprazole,201,173,231,143,0,0,Adequate
STK0000984,FAC021,2026-04-01,Amoxicillin,129,150,60,219,0,0,Adequate
STK0000985,FAC021,2026-05-01,Amlodipine,216,76,215,0,1,11,Reorder raised
STK0000986,FAC021,2026-05-01,Metformin,144,171,107,208,0,0,Adequate
STK0000987,FAC021,2026-05-01,Paracetamol,89,217,90,216,0,0,Adequate
STK0000988,FAC021,2026-05-01,Cetirizine,85,122,153,54,0,0,Adequate
STK0000989,FAC021,2026-05-01,Pantoprazole,246,108,187,0,1,3,Reorder raised
STK0000990,FAC021,2026-05-01,Amoxicillin,134,214,257,91,0,0,Adequate
STK0000991,FAC021,2026-06-01,Amlodipine,246,187,354,79,0,0,Adequate
STK0000992,FAC021,2026-06-01,Metformin,298,108,195,211,0,0,Adequate
STK0000993,FAC021,2026-06-01,Paracetamol,281,207,360,128,0,0,Adequate
STK0000994,FAC021,2026-06-01,Cetirizine,215,116,207,124,0,0,Adequate
STK0000995,FAC021,2026-06-01,Pantoprazole,270,112,346,36,0,0,Adequate
STK0000996,FAC021,2026-06-01,Amoxicillin,149,181,243,87,0,0,Adequate
STK0000997,FAC021,2026-07-01,Amlodipine,169,104,197,76,0,0,Adequate
STK0000998,FAC021,2026-07-01,Metformin,84,40,108,16,0,0,Low stock
STK0000999,FAC021,2026-07-01,Paracetamol,113,119,62,170,0,0,Adequate
STK0001000,FAC021,2026-07-01,Cetirizine,204,172,303,73,0,0,Adequate
STK0001001,FAC021,2026-07-01,Pantoprazole,140,52,61,131,0,0,Adequate
STK0001002,FAC021,2026-07-01,Amoxicillin,135,214,277,72,0,0,Adequate
STK0001003,FAC021,2026-08-01,Amlodipine,181,49,124,0,1,3,Reorder raised
STK0001004,FAC021,2026-08-01,Metformin,93,58,92,59,0,0,Adequate
STK0001005,FAC021,2026-08-01,Paracetamol,283,75,148,210,0,0,Adequate
STK0001006,FAC021,2026-08-01,Cetirizine,113,170,82,201,0,0,Adequate
STK0001007,FAC021,2026-08-01,Pantoprazole,196,94,270,20,0,0,Low stock
STK0001008,FAC021,2026-08-01,Amoxicillin,251,200,405,46,0,0,Adequate
STK0001009,FAC022,2026-01-01,Amlodipine,136,43,154,25,0,0,Low stock
STK0001010,FAC022,2026-01-01,Metformin,263,40,141,162,0,0,Adequate
STK0001011,FAC022,2026-01-01,Paracetamol,116,82,161,0,1,12,Reorder raised
STK0001012,FAC022,2026-01-01,Cetirizine,300,178,430,48,0,0,Adequate
STK0001013,FAC022,2026-01-01,Pantoprazole,174,158,284,48,0,0,Adequate
STK0001014,FAC022,2026-01-01,Amoxicillin,192,158,144,206,0,0,Adequate
STK0001015,FAC022,2026-02-01,Amlodipine,198,190,181,207,0,0,Adequate
STK0001016,FAC022,2026-02-01,Metformin,233,101,249,85,0,0,Adequate
STK0001017,FAC022,2026-02-01,Paracetamol,237,151,231,157,0,0,Adequate
STK0001018,FAC022,2026-02-01,Cetirizine,277,201,366,0,1,7,Reorder raised
STK0001019,FAC022,2026-02-01,Pantoprazole,121,182,256,47,0,0,Adequate
STK0001020,FAC022,2026-02-01,Amoxicillin,291,81,314,58,0,0,Adequate
STK0001021,FAC022,2026-03-01,Amlodipine,254,88,310,32,0,0,Adequate
STK0001022,FAC022,2026-03-01,Metformin,91,192,118,165,0,0,Adequate
STK0001023,FAC022,2026-03-01,Paracetamol,168,180,246,102,0,0,Adequate
STK0001024,FAC022,2026-03-01,Cetirizine,298,196,469,25,0,0,Low stock
STK0001025,FAC022,2026-03-01,Pantoprazole,293,77,323,47,0,0,Adequate
STK0001026,FAC022,2026-03-01,Amoxicillin,125,206,197,134,0,0,Adequate
STK0001027,FAC022,2026-04-01,Amlodipine,88,198,81,205,0,0,Adequate
STK0001028,FAC022,2026-04-01,Metformin,181,188,327,42,0,0,Adequate
STK0001029,FAC022,2026-04-01,Paracetamol,190,66,173,83,0,0,Adequate
STK0001030,FAC022,2026-04-01,Cetirizine,150,120,67,203,0,0,Adequate
STK0001031,FAC022,2026-04-01,Pantoprazole,278,155,372,61,0,0,Adequate
STK0001032,FAC022,2026-04-01,Amoxicillin,183,120,253,50,0,0,Adequate
STK0001033,FAC022,2026-05-01,Amlodipine,179,204,292,91,0,0,Adequate
STK0001034,FAC022,2026-05-01,Metformin,201,149,293,57,0,0,Adequate
STK0001035,FAC022,2026-05-01,Paracetamol,155,112,140,127,0,0,Adequate
STK0001036,FAC022,2026-05-01,Cetirizine,184,157,234,107,0,0,Adequate
STK0001037,FAC022,2026-05-01,Pantoprazole,144,90,207,27,0,0,Low stock
STK0001038,FAC022,2026-05-01,Amoxicillin,185,41,175,51,0,0,Adequate
STK0001039,FAC022,2026-06-01,Amlodipine,82,89,19,152,0,0,Adequate
STK0001040,FAC022,2026-06-01,Metformin,188,175,303,60,0,0,Adequate
STK0001041,FAC022,2026-06-01,Paracetamol,252,165,216,201,0,0,Adequate
STK0001042,FAC022,2026-06-01,Cetirizine,165,77,134,108,0,0,Adequate
STK0001043,FAC022,2026-06-01,Pantoprazole,189,165,186,168,0,0,Adequate
STK0001044,FAC022,2026-06-01,Amoxicillin,135,208,161,182,0,0,Adequate
STK0001045,FAC022,2026-07-01,Amlodipine,123,74,102,95,0,0,Adequate
STK0001046,FAC022,2026-07-01,Metformin,100,101,98,103,0,0,Adequate
STK0001047,FAC022,2026-07-01,Paracetamol,118,184,168,134,0,0,Adequate
STK0001048,FAC022,2026-07-01,Cetirizine,228,109,267,70,0,0,Adequate
STK0001049,FAC022,2026-07-01,Pantoprazole,94,106,19,181,0,0,Adequate
STK0001050,FAC022,2026-07-01,Amoxicillin,204,164,188,180,0,0,Adequate
STK0001051,FAC022,2026-08-01,Amlodipine,266,65,197,134,0,0,Adequate
STK0001052,FAC022,2026-08-01,Metformin,278,120,331,67,0,0,Adequate
STK0001053,FAC022,2026-08-01,Paracetamol,166,100,163,103,0,0,Adequate
STK0001054,FAC022,2026-08-01,Cetirizine,175,129,285,19,0,0,Low stock
STK0001055,FAC022,2026-08-01,Pantoprazole,117,79,27,169,0,0,Adequate
STK0001056,FAC022,2026-08-01,Amoxicillin,277,215,313,179,0,0,Adequate
STK0001057,FAC023,2026-01-01,Amlodipine,298,118,293,123,0,0,Adequate
STK0001058,FAC023,2026-01-01,Metformin,286,153,398,41,0,0,Adequate
STK0001059,FAC023,2026-01-01,Paracetamol,122,172,124,170,0,0,Adequate
STK0001060,FAC023,2026-01-01,Cetirizine,297,53,153,197,0,0,Adequate
STK0001061,FAC023,2026-01-01,Pantoprazole,236,156,198,194,0,0,Adequate
STK0001062,FAC023,2026-01-01,Amoxicillin,111,184,139,0,1,12,Reorder raised
STK0001063,FAC023,2026-02-01,Amlodipine,283,156,334,105,0,0,Adequate
STK0001064,FAC023,2026-02-01,Metformin,201,126,179,148,0,0,Adequate
STK0001065,FAC023,2026-02-01,Paracetamol,236,146,246,136,0,0,Adequate
STK0001066,FAC023,2026-02-01,Cetirizine,225,148,269,104,0,0,Adequate
STK0001067,FAC023,2026-02-01,Pantoprazole,196,94,94,196,0,0,Adequate
STK0001068,FAC023,2026-02-01,Amoxicillin,91,112,176,27,0,0,Low stock
STK0001069,FAC023,2026-03-01,Amlodipine,275,179,422,32,0,0,Adequate
STK0001070,FAC023,2026-03-01,Metformin,279,132,271,140,0,0,Adequate
STK0001071,FAC023,2026-03-01,Paracetamol,92,171,225,38,0,0,Adequate
STK0001072,FAC023,2026-03-01,Cetirizine,129,188,185,132,0,0,Adequate
STK0001073,FAC023,2026-03-01,Pantoprazole,106,154,234,26,0,0,Low stock
STK0001074,FAC023,2026-03-01,Amoxicillin,215,142,325,32,0,0,Adequate
STK0001075,FAC023,2026-04-01,Amlodipine,240,120,204,156,0,0,Adequate
STK0001076,FAC023,2026-04-01,Metformin,235,177,248,164,0,0,Adequate
STK0001077,FAC023,2026-04-01,Paracetamol,108,142,179,71,0,0,Adequate
STK0001078,FAC023,2026-04-01,Cetirizine,243,95,118,220,0,0,Adequate
STK0001079,FAC023,2026-04-01,Pantoprazole,107,131,71,167,0,0,Adequate
STK0001080,FAC023,2026-04-01,Amoxicillin,133,127,56,204,0,0,Adequate
STK0001081,FAC023,2026-05-01,Amlodipine,257,181,294,144,0,0,Adequate
STK0001082,FAC023,2026-05-01,Metformin,224,126,297,53,0,0,Adequate
STK0001083,FAC023,2026-05-01,Paracetamol,271,165,316,120,0,0,Adequate
STK0001084,FAC023,2026-05-01,Cetirizine,287,78,177,188,0,0,Adequate
STK0001085,FAC023,2026-05-01,Pantoprazole,230,63,152,141,0,0,Adequate
STK0001086,FAC023,2026-05-01,Amoxicillin,296,76,285,87,0,0,Adequate
STK0001087,FAC023,2026-06-01,Amlodipine,111,84,65,130,0,0,Adequate
STK0001088,FAC023,2026-06-01,Metformin,284,99,340,43,0,0,Adequate
STK0001089,FAC023,2026-06-01,Paracetamol,242,213,397,58,0,0,Adequate
STK0001090,FAC023,2026-06-01,Cetirizine,222,152,161,213,0,0,Adequate
STK0001091,FAC023,2026-06-01,Pantoprazole,268,81,242,107,0,0,Adequate
STK0001092,FAC023,2026-06-01,Amoxicillin,230,142,272,0,1,6,Reorder raised
STK0001093,FAC023,2026-07-01,Amlodipine,221,91,184,0,1,6,Reorder raised
STK0001094,FAC023,2026-07-01,Metformin,160,60,192,28,0,0,Low stock
STK0001095,FAC023,2026-07-01,Paracetamol,267,105,235,137,0,0,Adequate
STK0001096,FAC023,2026-07-01,Cetirizine,263,40,278,25,0,0,Low stock
STK0001097,FAC023,2026-07-01,Pantoprazole,156,98,156,98,0,0,Adequate
STK0001098,FAC023,2026-07-01,Amoxicillin,85,52,85,52,0,0,Adequate
STK0001099,FAC023,2026-08-01,Amlodipine,252,171,240,0,1,6,Reorder raised
STK0001100,FAC023,2026-08-01,Metformin,204,66,121,149,0,0,Adequate
STK0001101,FAC023,2026-08-01,Paracetamol,103,187,79,211,0,0,Adequate
STK0001102,FAC023,2026-08-01,Cetirizine,150,152,269,33,0,0,Adequate
STK0001103,FAC023,2026-08-01,Pantoprazole,147,111,166,92,0,0,Adequate
STK0001104,FAC023,2026-08-01,Amoxicillin,273,47,226,94,0,0,Adequate
STK0001105,FAC024,2026-01-01,Amlodipine,128,167,176,119,0,0,Adequate
STK0001106,FAC024,2026-01-01,Metformin,112,113,93,132,0,0,Adequate
STK0001107,FAC024,2026-01-01,Paracetamol,209,141,145,205,0,0,Adequate
STK0001108,FAC024,2026-01-01,Cetirizine,215,152,167,200,0,0,Adequate
STK0001109,FAC024,2026-01-01,Pantoprazole,184,170,155,199,0,0,Adequate
STK0001110,FAC024,2026-01-01,Amoxicillin,192,41,74,159,0,0,Adequate
STK0001111,FAC024,2026-02-01,Amlodipine,241,45,120,166,0,0,Adequate
STK0001112,FAC024,2026-02-01,Metformin,184,125,135,174,0,0,Adequate
STK0001113,FAC024,2026-02-01,Paracetamol,166,185,202,149,0,0,Adequate
STK0001114,FAC024,2026-02-01,Cetirizine,102,88,40,150,0,0,Adequate
STK0001115,FAC024,2026-02-01,Pantoprazole,163,138,176,125,0,0,Adequate
STK0001116,FAC024,2026-02-01,Amoxicillin,250,45,111,184,0,0,Adequate
STK0001117,FAC024,2026-03-01,Amlodipine,183,132,228,87,0,0,Adequate
STK0001118,FAC024,2026-03-01,Metformin,130,190,271,0,1,12,Reorder raised
STK0001119,FAC024,2026-03-01,Paracetamol,146,219,250,115,0,0,Adequate
STK0001120,FAC024,2026-03-01,Cetirizine,222,179,267,134,0,0,Adequate
STK0001121,FAC024,2026-03-01,Pantoprazole,162,164,184,142,0,0,Adequate
STK0001122,FAC024,2026-03-01,Amoxicillin,236,114,254,96,0,0,Adequate
STK0001123,FAC024,2026-04-01,Amlodipine,164,218,165,217,0,0,Adequate
STK0001124,FAC024,2026-04-01,Metformin,161,71,31,201,0,0,Adequate
STK0001125,FAC024,2026-04-01,Paracetamol,219,73,81,211,0,0,Adequate
STK0001126,FAC024,2026-04-01,Cetirizine,95,146,167,74,0,0,Adequate
STK0001127,FAC024,2026-04-01,Pantoprazole,188,171,180,179,0,0,Adequate
STK0001128,FAC024,2026-04-01,Amoxicillin,142,90,151,81,0,0,Adequate
STK0001129,FAC024,2026-05-01,Amlodipine,246,93,206,133,0,0,Adequate
STK0001130,FAC024,2026-05-01,Metformin,124,159,148,135,0,0,Adequate
STK0001131,FAC024,2026-05-01,Paracetamol,274,199,404,69,0,0,Adequate
STK0001132,FAC024,2026-05-01,Cetirizine,86,147,197,36,0,0,Adequate
STK0001133,FAC024,2026-05-01,Pantoprazole,84,158,200,42,0,0,Adequate
STK0001134,FAC024,2026-05-01,Amoxicillin,284,77,176,185,0,0,Adequate
STK0001135,FAC024,2026-06-01,Amlodipine,275,95,297,73,0,0,Adequate
STK0001136,FAC024,2026-06-01,Metformin,294,43,183,154,0,0,Adequate
STK0001137,FAC024,2026-06-01,Paracetamol,136,63,50,149,0,0,Adequate
STK0001138,FAC024,2026-06-01,Cetirizine,285,84,313,56,0,0,Adequate
STK0001139,FAC024,2026-06-01,Pantoprazole,167,53,97,123,0,0,Adequate
STK0001140,FAC024,2026-06-01,Amoxicillin,259,58,232,85,0,0,Adequate
STK0001141,FAC024,2026-07-01,Amlodipine,153,111,61,203,0,0,Adequate
STK0001142,FAC024,2026-07-01,Metformin,115,146,71,190,0,0,Adequate
STK0001143,FAC024,2026-07-01,Paracetamol,284,57,141,200,0,0,Adequate
STK0001144,FAC024,2026-07-01,Cetirizine,249,98,312,35,0,0,Adequate
STK0001145,FAC024,2026-07-01,Pantoprazole,121,73,0,194,0,0,Adequate
STK0001146,FAC024,2026-07-01,Amoxicillin,242,191,233,200,0,0,Adequate
STK0001147,FAC024,2026-08-01,Amlodipine,83,42,79,46,0,0,Adequate
STK0001148,FAC024,2026-08-01,Metformin,94,86,158,22,0,0,Low stock
STK0001149,FAC024,2026-08-01,Paracetamol,218,183,343,58,0,0,Adequate
STK0001150,FAC024,2026-08-01,Cetirizine,158,136,166,128,0,0,Adequate
STK0001151,FAC024,2026-08-01,Pantoprazole,213,67,81,199,0,0,Adequate
STK0001152,FAC024,2026-08-01,Amoxicillin,185,81,113,153,0,0,Adequate
STK0001153,FAC025,2026-01-01,Amlodipine,97,116,87,126,0,0,Adequate
STK0001154,FAC025,2026-01-01,Metformin,102,130,92,140,0,0,Adequate
STK0001155,FAC025,2026-01-01,Paracetamol,214,53,197,70,0,0,Adequate
STK0001156,FAC025,2026-01-01,Cetirizine,236,160,292,104,0,0,Adequate
STK0001157,FAC025,2026-01-01,Pantoprazole,283,209,292,200,0,0,Adequate
STK0001158,FAC025,2026-01-01,Amoxicillin,288,208,407,89,0,0,Adequate
STK0001159,FAC025,2026-02-01,Amlodipine,204,90,121,173,0,0,Adequate
STK0001160,FAC025,2026-02-01,Metformin,95,150,92,153,0,0,Adequate
STK0001161,FAC025,2026-02-01,Paracetamol,92,62,0,154,0,0,Adequate
STK0001162,FAC025,2026-02-01,Cetirizine,154,155,256,53,0,0,Adequate
STK0001163,FAC025,2026-02-01,Pantoprazole,282,210,476,16,0,0,Low stock
STK0001164,FAC025,2026-02-01,Amoxicillin,142,95,175,62,0,0,Adequate
STK0001165,FAC025,2026-03-01,Amlodipine,241,137,305,73,0,0,Adequate
STK0001166,FAC025,2026-03-01,Metformin,214,67,212,69,0,0,Adequate
STK0001167,FAC025,2026-03-01,Paracetamol,206,144,304,46,0,0,Adequate
STK0001168,FAC025,2026-03-01,Cetirizine,244,85,301,28,0,0,Low stock
STK0001169,FAC025,2026-03-01,Pantoprazole,105,213,159,159,0,0,Adequate
STK0001170,FAC025,2026-03-01,Amoxicillin,84,153,202,35,0,0,Adequate
STK0001171,FAC025,2026-04-01,Amlodipine,298,159,365,92,0,0,Adequate
STK0001172,FAC025,2026-04-01,Metformin,120,135,74,181,0,0,Adequate
STK0001173,FAC025,2026-04-01,Paracetamol,261,97,188,170,0,0,Adequate
STK0001174,FAC025,2026-04-01,Cetirizine,136,135,199,72,0,0,Adequate
STK0001175,FAC025,2026-04-01,Pantoprazole,265,184,412,37,0,0,Adequate
STK0001176,FAC025,2026-04-01,Amoxicillin,290,128,237,181,0,0,Adequate
STK0001177,FAC025,2026-05-01,Amlodipine,251,201,404,48,0,0,Adequate
STK0001178,FAC025,2026-05-01,Metformin,237,166,371,32,0,0,Adequate
STK0001179,FAC025,2026-05-01,Paracetamol,241,63,223,81,0,0,Adequate
STK0001180,FAC025,2026-05-01,Cetirizine,263,184,349,98,0,0,Adequate
STK0001181,FAC025,2026-05-01,Pantoprazole,291,77,217,151,0,0,Adequate
STK0001182,FAC025,2026-05-01,Amoxicillin,204,123,302,25,0,0,Low stock
STK0001183,FAC025,2026-06-01,Amlodipine,231,143,259,115,0,0,Adequate
STK0001184,FAC025,2026-06-01,Metformin,107,101,0,208,0,0,Adequate
STK0001185,FAC025,2026-06-01,Paracetamol,151,216,175,192,0,0,Adequate
STK0001186,FAC025,2026-06-01,Cetirizine,165,184,333,16,0,0,Low stock
STK0001187,FAC025,2026-06-01,Pantoprazole,159,119,259,19,0,0,Low stock
STK0001188,FAC025,2026-06-01,Amoxicillin,298,131,263,0,1,4,Reorder raised
STK0001189,FAC025,2026-07-01,Amlodipine,263,185,393,55,0,0,Adequate
STK0001190,FAC025,2026-07-01,Metformin,88,88,157,19,0,0,Low stock
STK0001191,FAC025,2026-07-01,Paracetamol,288,58,306,40,0,0,Adequate
STK0001192,FAC025,2026-07-01,Cetirizine,216,68,234,50,0,0,Adequate
STK0001193,FAC025,2026-07-01,Pantoprazole,271,185,317,139,0,0,Adequate
STK0001194,FAC025,2026-07-01,Amoxicillin,201,218,301,118,0,0,Adequate
STK0001195,FAC025,2026-08-01,Amlodipine,135,173,280,28,0,0,Low stock
STK0001196,FAC025,2026-08-01,Metformin,121,134,235,20,0,0,Low stock
STK0001197,FAC025,2026-08-01,Paracetamol,186,133,137,182,0,0,Adequate
STK0001198,FAC025,2026-08-01,Cetirizine,184,75,178,81,0,0,Adequate
STK0001199,FAC025,2026-08-01,Pantoprazole,200,171,231,140,0,0,Adequate
STK0001200,FAC025,2026-08-01,Amoxicillin,214,158,333,39,0,0,Adequate
STK0001201,FAC026,2026-01-01,Amlodipine,223,59,114,0,1,11,Reorder raised
STK0001202,FAC026,2026-01-01,Metformin,183,187,301,69,0,0,Adequate
STK0001203,FAC026,2026-01-01,Paracetamol,145,137,256,26,0,0,Low stock
STK0001204,FAC026,2026-01-01,Cetirizine,85,127,76,136,0,0,Adequate
STK0001205,FAC026,2026-01-01,Pantoprazole,297,46,258,85,0,0,Adequate
STK0001206,FAC026,2026-01-01,Amoxicillin,168,46,18,196,0,0,Adequate
STK0001207,FAC026,2026-02-01,Amlodipine,139,191,131,199,0,0,Adequate
STK0001208,FAC026,2026-02-01,Metformin,236,174,378,32,0,0,Adequate
STK0001209,FAC026,2026-02-01,Paracetamol,85,54,93,46,0,0,Adequate
STK0001210,FAC026,2026-02-01,Cetirizine,146,182,188,140,0,0,Adequate
STK0001211,FAC026,2026-02-01,Pantoprazole,237,165,340,62,0,0,Adequate
STK0001212,FAC026,2026-02-01,Amoxicillin,89,211,93,207,0,0,Adequate
STK0001213,FAC026,2026-03-01,Amlodipine,232,66,97,201,0,0,Adequate
STK0001214,FAC026,2026-03-01,Metformin,162,144,105,201,0,0,Adequate
STK0001215,FAC026,2026-03-01,Paracetamol,180,114,105,189,0,0,Adequate
STK0001216,FAC026,2026-03-01,Cetirizine,165,183,300,48,0,0,Adequate
STK0001217,FAC026,2026-03-01,Pantoprazole,264,123,184,203,0,0,Adequate
STK0001218,FAC026,2026-03-01,Amoxicillin,85,220,124,181,0,0,Adequate
STK0001219,FAC026,2026-04-01,Amlodipine,102,109,157,54,0,0,Adequate
STK0001220,FAC026,2026-04-01,Metformin,275,184,391,68,0,0,Adequate
STK0001221,FAC026,2026-04-01,Paracetamol,210,214,302,122,0,0,Adequate
STK0001222,FAC026,2026-04-01,Cetirizine,100,112,46,166,0,0,Adequate
STK0001223,FAC026,2026-04-01,Pantoprazole,80,217,108,189,0,0,Adequate
STK0001224,FAC026,2026-04-01,Amoxicillin,294,201,276,219,0,0,Adequate
STK0001225,FAC026,2026-05-01,Amlodipine,90,180,182,88,0,0,Adequate
STK0001226,FAC026,2026-05-01,Metformin,204,54,58,200,0,0,Adequate
STK0001227,FAC026,2026-05-01,Paracetamol,194,90,111,173,0,0,Adequate
STK0001228,FAC026,2026-05-01,Cetirizine,98,64,0,162,0,0,Adequate
STK0001229,FAC026,2026-05-01,Pantoprazole,272,62,129,205,0,0,Adequate
STK0001230,FAC026,2026-05-01,Amoxicillin,166,40,162,44,0,0,Adequate
STK0001231,FAC026,2026-06-01,Amlodipine,138,150,206,82,0,0,Adequate
STK0001232,FAC026,2026-06-01,Metformin,183,97,246,34,0,0,Adequate
STK0001233,FAC026,2026-06-01,Paracetamol,192,146,174,164,0,0,Adequate
STK0001234,FAC026,2026-06-01,Cetirizine,286,152,331,107,0,0,Adequate
STK0001235,FAC026,2026-06-01,Pantoprazole,81,75,63,93,0,0,Adequate
STK0001236,FAC026,2026-06-01,Amoxicillin,253,160,275,138,0,0,Adequate
STK0001237,FAC026,2026-07-01,Amlodipine,127,49,0,176,0,0,Adequate
STK0001238,FAC026,2026-07-01,Metformin,110,58,22,146,0,0,Adequate
STK0001239,FAC026,2026-07-01,Paracetamol,84,86,137,33,0,0,Adequate
STK0001240,FAC026,2026-07-01,Cetirizine,86,203,203,86,0,0,Adequate
STK0001241,FAC026,2026-07-01,Pantoprazole,157,205,281,81,0,0,Adequate
STK0001242,FAC026,2026-07-01,Amoxicillin,149,210,213,146,0,0,Adequate
STK0001243,FAC026,2026-08-01,Amlodipine,258,64,206,116,0,0,Adequate
STK0001244,FAC026,2026-08-01,Metformin,144,138,107,175,0,0,Adequate
STK0001245,FAC026,2026-08-01,Paracetamol,205,88,268,25,0,0,Low stock
STK0001246,FAC026,2026-08-01,Cetirizine,137,76,69,144,0,0,Adequate
STK0001247,FAC026,2026-08-01,Pantoprazole,213,47,140,120,0,0,Adequate
STK0001248,FAC026,2026-08-01,Amoxicillin,157,149,98,208,0,0,Adequate
STK0001249,FAC027,2026-01-01,Amlodipine,144,187,231,100,0,0,Adequate
STK0001250,FAC027,2026-01-01,Metformin,265,210,417,58,0,0,Adequate
STK0001251,FAC027,2026-01-01,Paracetamol,92,57,0,149,0,0,Adequate
STK0001252,FAC027,2026-01-01,Cetirizine,190,168,280,78,0,0,Adequate
STK0001253,FAC027,2026-01-01,Pantoprazole,141,104,169,76,0,0,Adequate
STK0001254,FAC027,2026-01-01,Amoxicillin,146,77,14,209,0,0,Adequate
STK0001255,FAC027,2026-02-01,Amlodipine,142,56,161,37,0,0,Adequate
STK0001256,FAC027,2026-02-01,Metformin,214,209,325,98,0,0,Adequate
STK0001257,FAC027,2026-02-01,Paracetamol,112,77,141,48,0,0,Adequate
STK0001258,FAC027,2026-02-01,Cetirizine,155,217,330,42,0,0,Adequate
STK0001259,FAC027,2026-02-01,Pantoprazole,89,69,0,158,0,0,Adequate
STK0001260,FAC027,2026-02-01,Amoxicillin,206,105,171,140,0,0,Adequate
STK0001261,FAC027,2026-03-01,Amlodipine,185,78,166,97,0,0,Adequate
STK0001262,FAC027,2026-03-01,Metformin,203,68,194,0,1,10,Reorder raised
STK0001263,FAC027,2026-03-01,Paracetamol,259,208,411,56,0,0,Adequate
STK0001264,FAC027,2026-03-01,Cetirizine,144,112,120,136,0,0,Adequate
STK0001265,FAC027,2026-03-01,Pantoprazole,181,117,184,114,0,0,Adequate
STK0001266,FAC027,2026-03-01,Amoxicillin,89,165,51,203,0,0,Adequate
STK0001267,FAC027,2026-04-01,Amlodipine,118,190,88,220,0,0,Adequate
STK0001268,FAC027,2026-04-01,Metformin,217,83,129,171,0,0,Adequate
STK0001269,FAC027,2026-04-01,Paracetamol,117,194,137,174,0,0,Adequate
STK0001270,FAC027,2026-04-01,Cetirizine,293,148,277,164,0,0,Adequate
STK0001271,FAC027,2026-04-01,Pantoprazole,161,54,61,154,0,0,Adequate
STK0001272,FAC027,2026-04-01,Amoxicillin,242,162,223,181,0,0,Adequate
STK0001273,FAC027,2026-05-01,Amlodipine,190,177,219,148,0,0,Adequate
STK0001274,FAC027,2026-05-01,Metformin,116,210,115,211,0,0,Adequate
STK0001275,FAC027,2026-05-01,Paracetamol,89,182,110,161,0,0,Adequate
STK0001276,FAC027,2026-05-01,Cetirizine,148,73,106,115,0,0,Adequate
STK0001277,FAC027,2026-05-01,Pantoprazole,191,79,53,217,0,0,Adequate
STK0001278,FAC027,2026-05-01,Amoxicillin,287,159,402,44,0,0,Adequate
STK0001279,FAC027,2026-06-01,Amlodipine,191,129,204,116,0,0,Adequate
STK0001280,FAC027,2026-06-01,Metformin,282,146,311,117,0,0,Adequate
STK0001281,FAC027,2026-06-01,Paracetamol,130,101,122,109,0,0,Adequate
STK0001282,FAC027,2026-06-01,Cetirizine,220,49,201,68,0,0,Adequate
STK0001283,FAC027,2026-06-01,Pantoprazole,236,70,266,40,0,0,Adequate
STK0001284,FAC027,2026-06-01,Amoxicillin,107,167,67,207,0,0,Adequate
STK0001285,FAC027,2026-07-01,Amlodipine,239,194,230,203,0,0,Adequate
STK0001286,FAC027,2026-07-01,Metformin,247,82,217,112,0,0,Adequate
STK0001287,FAC027,2026-07-01,Paracetamol,138,213,271,80,0,0,Adequate
STK0001288,FAC027,2026-07-01,Cetirizine,101,191,216,76,0,0,Adequate
STK0001289,FAC027,2026-07-01,Pantoprazole,188,45,114,119,0,0,Adequate
STK0001290,FAC027,2026-07-01,Amoxicillin,225,147,167,205,0,0,Adequate
STK0001291,FAC027,2026-08-01,Amlodipine,148,53,0,201,0,0,Adequate
STK0001292,FAC027,2026-08-01,Metformin,287,75,283,79,0,0,Adequate
STK0001293,FAC027,2026-08-01,Paracetamol,283,78,177,184,0,0,Adequate
STK0001294,FAC027,2026-08-01,Cetirizine,217,162,311,68,0,0,Adequate
STK0001295,FAC027,2026-08-01,Pantoprazole,243,98,241,100,0,0,Adequate
STK0001296,FAC027,2026-08-01,Amoxicillin,220,196,301,115,0,0,Adequate
